year,aggregate_capacity_demographic,baseline_observed_students_2023,wpp_capacity_ratio,aggregate_capacity_constrained,aggregate_capacity_accelerated,constrained_elasticity,demographic_elasticity,accelerated_elasticity,scenario_semantics,source_key,observation_status,retrieved_at
2026,342990.7082439107,334347.0,1.025852507257163,338641.2767652915,347396.00283044117,0.5,1.0,1.5,sensitivity_paths_not_observed_forecasts,un_wpp2024_population_by_single_age_sex;unesco_uis_opri_202602,calculated_capacity_scenario,2026-06-20T12:00:00+00:00
2027,346287.56213327294,334347.0,1.0357130829146752,340264.907882922,352416.81675109913,0.5,1.0,1.5,sensitivity_paths_not_observed_forecasts,un_wpp2024_population_by_single_age_sex;unesco_uis_opri_202602,calculated_capacity_scenario,2026-06-20T12:00:00+00:00
2028,349647.81477315293,334347.0,1.0457632781904815,341911.8277070265,357558.83379499917,0.5,1.0,1.5,sensitivity_paths_not_observed_forecasts,un_wpp2024_population_by_single_age_sex;unesco_uis_opri_202602,calculated_capacity_scenario,2026-06-20T12:00:00+00:00
2029,352725.94121772586,334347.0,1.054969660914337,343413.54118369153,362290.8670959508,0.5,1.0,1.5,sensitivity_paths_not_observed_forecasts,un_wpp2024_population_by_single_age_sex;unesco_uis_opri_202602,calculated_capacity_scenario,2026-06-20T12:00:00+00:00
2030,355435.55282756774,334347.0,1.0630738509021098,344730.05494334083,366473.5070303132,0.5,1.0,1.5,sensitivity_paths_not_observed_forecasts,un_wpp2024_population_by_single_age_sex;unesco_uis_opri_202602,calculated_capacity_scenario,2026-06-20T12:00:00+00:00
2031,357890.31480953057,334347.0,1.070415809950532,345918.419696931,370276.5453966985,0.5,1.0,1.5,sensitivity_paths_not_observed_forecasts,un_wpp2024_population_by_single_age_sex;unesco_uis_opri_202602,calculated_capacity_scenario,2026-06-20T12:00:00+00:00
2032,360135.1497895663,334347.0,1.077129897350855,347001.5949915679,373765.7923938505,0.5,1.0,1.5,sensitivity_paths_not_observed_forecasts,un_wpp2024_population_by_single_age_sex;unesco_uis_opri_202602,calculated_capacity_scenario,2026-06-20T12:00:00+00:00
2033,361666.3140135879,334347.0,1.0817094635620714,347738.47513828706,376151.9994017292,0.5,1.0,1.5,sensitivity_paths_not_observed_forecasts,un_wpp2024_population_by_single_age_sex;unesco_uis_opri_202602,calculated_capacity_scenario,2026-06-20T12:00:00+00:00
2034,362397.8700284163,334347.0,1.0838974778550916,348089.9892993059,377293.8614681235,0.5,1.0,1.5,sensitivity_paths_not_observed_forecasts,un_wpp2024_population_by_single_age_sex;unesco_uis_opri_202602,calculated_capacity_scenario,2026-06-20T12:00:00+00:00
2035,362306.9514643392,334347.0,1.08362554909821,348046.32206252,377151.88685661077,0.5,1.0,1.5,sensitivity_paths_not_observed_forecasts,un_wpp2024_population_by_single_age_sex;unesco_uis_opri_202602,calculated_capacity_scenario,2026-06-20T12:00:00+00:00
2036,361449.26808274986,334347.0,1.0810602998763257,347634.1157534214,375813.44142363506,0.5,1.0,1.5,sensitivity_paths_not_observed_forecasts,un_wpp2024_population_by_single_age_sex;unesco_uis_opri_202602,calculated_capacity_scenario,2026-06-20T12:00:00+00:00
2037,359996.720736414,334347.0,1.0767158692508503,346934.89819857816,373550.3104873374,0.5,1.0,1.5,sensitivity_paths_not_observed_forecasts,un_wpp2024_population_by_single_age_sex;unesco_uis_opri_202602,calculated_capacity_scenario,2026-06-20T12:00:00+00:00
2038,358149.80552472663,334347.0,1.0711919219395616,346043.80218084494,370679.32553337276,0.5,1.0,1.5,sensitivity_paths_not_observed_forecasts,un_wpp2024_population_by_single_age_sex;unesco_uis_opri_202602,calculated_capacity_scenario,2026-06-20T12:00:00+00:00
2039,356214.32278627745,334347.0,1.0654030775998513,345107.50525107904,367678.59819730645,0.5,1.0,1.5,sensitivity_paths_not_observed_forecasts,un_wpp2024_population_by_single_age_sex;unesco_uis_opri_202602,calculated_capacity_scenario,2026-06-20T12:00:00+00:00
2040,354266.9261051993,334347.0,1.0595785997936256,344162.8741489923,364667.616291739,0.5,1.0,1.5,sensitivity_paths_not_observed_forecasts,un_wpp2024_population_by_single_age_sex;unesco_uis_opri_202602,calculated_capacity_scenario,2026-06-20T12:00:00+00:00
2041,352269.1866731302,334347.0,1.0536035516189175,343191.1213254228,361587.38431254425,0.5,1.0,1.5,sensitivity_paths_not_observed_forecasts,un_wpp2024_population_by_single_age_sex;unesco_uis_opri_202602,calculated_capacity_scenario,2026-06-20T12:00:00+00:00
2042,350144.5606393008,334347.0,1.0472489977158486,342154.6191651785,358321.081984581,0.5,1.0,1.5,sensitivity_paths_not_observed_forecasts,un_wpp2024_population_by_single_age_sex;unesco_uis_opri_202602,calculated_capacity_scenario,2026-06-20T12:00:00+00:00
2043,348230.68989834125,334347.0,1.0415247928001186,341218.2387789971,355387.2554439163,0.5,1.0,1.5,sensitivity_paths_not_observed_forecasts,un_wpp2024_population_by_single_age_sex;unesco_uis_opri_202602,calculated_capacity_scenario,2026-06-20T12:00:00+00:00
2044,346684.2088678107,334347.0,1.0368994154809545,340459.72622665064,353022.49111921986,0.5,1.0,1.5,sensitivity_paths_not_observed_forecasts,un_wpp2024_population_by_single_age_sex;unesco_uis_opri_202602,calculated_capacity_scenario,2026-06-20T12:00:00+00:00
2045,345546.07606742735,334347.0,1.0334953687858044,339900.4176150952,351285.50745356176,0.5,1.0,1.5,sensitivity_paths_not_observed_forecasts,un_wpp2024_population_by_single_age_sex;unesco_uis_opri_202602,calculated_capacity_scenario,2026-06-20T12:00:00+00:00
2046,344767.57538194326,334347.0,1.031166947458608,339517.3110847613,350099.0292806279,0.5,1.0,1.5,sensitivity_paths_not_observed_forecasts,un_wpp2024_population_by_single_age_sex;unesco_uis_opri_202602,calculated_capacity_scenario,2026-06-20T12:00:00+00:00
2047,344177.7141520224,334347.0,1.0294027287579144,339226.74746190966,349200.93950496166,0.5,1.0,1.5,sensitivity_paths_not_observed_forecasts,un_wpp2024_population_by_single_age_sex;unesco_uis_opri_202602,calculated_capacity_scenario,2026-06-20T12:00:00+00:00
2048,343913.3889329294,334347.0,1.0286121572286557,339096.46098058607,348798.74223784334,0.5,1.0,1.5,sensitivity_paths_not_observed_forecasts,un_wpp2024_population_by_single_age_sex;unesco_uis_opri_202602,calculated_capacity_scenario,2026-06-20T12:00:00+00:00
2049,343918.60114090814,334347.0,1.0286277464457827,339099.03057316336,348806.67164042266,0.5,1.0,1.5,sensitivity_paths_not_observed_forecasts,un_wpp2024_population_by_single_age_sex;unesco_uis_opri_202602,calculated_capacity_scenario,2026-06-20T12:00:00+00:00
2050,344214.37634544325,334347.0,1.0295123818830234,339244.81438626285,349256.7369002656,0.5,1.0,1.5,sensitivity_paths_not_observed_forecasts,un_wpp2024_population_by_single_age_sex;unesco_uis_opri_202602,calculated_capacity_scenario,2026-06-20T12:00:00+00:00
