forecast_year,recommended_annual_quota_persons,foreign_labor_stock_need_persons,cumulative_recommended_quota_persons,labor_demand_required_persons,domestic_sector_supply_total_with_unemployment_reserve_persons,unemployment_reserve_sector_allocated_persons,source_key,source_url_or_file,retrieved_at,source_period,raw_value,unit,transform_script,transformation_script,observation_status,sha256_or_etag,source_row_sha256
2025,341920.2353456894,341920.2353456894,341920.2353456894,73030359.67270625,74764950.93648185,1616504.4522095304,foreign_labor_migration_v5_forecast_by_year,Foreign labor migration/docs/data/region_sector_forecast.csv,2026-05-27T13:57:22+00:00,2025,"{""cumulative_recommended_quota_persons"":341920.2353456894,""domestic_sector_supply_total_with_unemployment_reserve_persons"":74764950.93648185,""foreign_labor_stock_need_persons"":341920.2353456894,""labor_demand_required_persons"":73030359.67270625,""recommended_annual_quota_persons"":341920.2353456894,""unemployment_reserve_sector_allocated_persons"":1616504.4522095304}","{""cumulative_recommended_quota_persons"":""persons"",""domestic_sector_supply_total_with_unemployment_reserve_persons"":""persons"",""foreign_labor_stock_need_persons"":""persons"",""labor_demand_required_persons"":""persons"",""recommended_annual_quota_persons"":""persons"",""unemployment_reserve_sector_allocated_persons"":""persons""}",scripts/build_labor_migration_artifacts.py,scripts/build_labor_migration_artifacts.py,calculated_v5_year_sum,bed04356e8a570a2911dde917ab538bd3dd43ad84aa6d09cf900456bb3680985,2a731a459c7c42d2d765fd6161f301039cf9b24833e66a88bdead9bbb1103ec8
2026,346503.7771304408,688414.6909723133,688424.0124761302,72998066.43485668,74583497.00280873,1617074.283747806,foreign_labor_migration_v5_forecast_by_year,Foreign labor migration/docs/data/region_sector_forecast.csv,2026-05-27T13:57:22+00:00,2026,"{""cumulative_recommended_quota_persons"":688424.0124761302,""domestic_sector_supply_total_with_unemployment_reserve_persons"":74583497.00280873,""foreign_labor_stock_need_persons"":688414.6909723133,""labor_demand_required_persons"":72998066.43485668,""recommended_annual_quota_persons"":346503.7771304408,""unemployment_reserve_sector_allocated_persons"":1617074.283747806}","{""cumulative_recommended_quota_persons"":""persons"",""domestic_sector_supply_total_with_unemployment_reserve_persons"":""persons"",""foreign_labor_stock_need_persons"":""persons"",""labor_demand_required_persons"":""persons"",""recommended_annual_quota_persons"":""persons"",""unemployment_reserve_sector_allocated_persons"":""persons""}",scripts/build_labor_migration_artifacts.py,scripts/build_labor_migration_artifacts.py,calculated_v5_year_sum,bed04356e8a570a2911dde917ab538bd3dd43ad84aa6d09cf900456bb3680985,4a2cc7edb40dd46ff370b26a7055ddf017577161c6c83c039080447d1f55814e
2027,311845.7393499764,1000260.4303222897,1000269.7518261067,73121431.57835764,74443471.50125316,1618770.5341311595,foreign_labor_migration_v5_forecast_by_year,Foreign labor migration/docs/data/region_sector_forecast.csv,2026-05-27T13:57:22+00:00,2027,"{""cumulative_recommended_quota_persons"":1000269.7518261067,""domestic_sector_supply_total_with_unemployment_reserve_persons"":74443471.50125316,""foreign_labor_stock_need_persons"":1000260.4303222897,""labor_demand_required_persons"":73121431.57835764,""recommended_annual_quota_persons"":311845.7393499764,""unemployment_reserve_sector_allocated_persons"":1618770.5341311595}","{""cumulative_recommended_quota_persons"":""persons"",""domestic_sector_supply_total_with_unemployment_reserve_persons"":""persons"",""foreign_labor_stock_need_persons"":""persons"",""labor_demand_required_persons"":""persons"",""recommended_annual_quota_persons"":""persons"",""unemployment_reserve_sector_allocated_persons"":""persons""}",scripts/build_labor_migration_artifacts.py,scripts/build_labor_migration_artifacts.py,calculated_v5_year_sum,bed04356e8a570a2911dde917ab538bd3dd43ad84aa6d09cf900456bb3680985,b158f088a53114d902a828c68be4e21b006e424acf2fd23c1afd99cf74c265a9
2028,316605.20009340136,1316865.630415691,1316874.951919508,73315162.26686534,74254136.37419426,1619044.5430416018,foreign_labor_migration_v5_forecast_by_year,Foreign labor migration/docs/data/region_sector_forecast.csv,2026-05-27T13:57:22+00:00,2028,"{""cumulative_recommended_quota_persons"":1316874.951919508,""domestic_sector_supply_total_with_unemployment_reserve_persons"":74254136.37419426,""foreign_labor_stock_need_persons"":1316865.630415691,""labor_demand_required_persons"":73315162.26686534,""recommended_annual_quota_persons"":316605.20009340136,""unemployment_reserve_sector_allocated_persons"":1619044.5430416018}","{""cumulative_recommended_quota_persons"":""persons"",""domestic_sector_supply_total_with_unemployment_reserve_persons"":""persons"",""foreign_labor_stock_need_persons"":""persons"",""labor_demand_required_persons"":""persons"",""recommended_annual_quota_persons"":""persons"",""unemployment_reserve_sector_allocated_persons"":""persons""}",scripts/build_labor_migration_artifacts.py,scripts/build_labor_migration_artifacts.py,calculated_v5_year_sum,bed04356e8a570a2911dde917ab538bd3dd43ad84aa6d09cf900456bb3680985,307878316c8478be85a717e8ec2f82b1a930cecfaebf23b844e0189b7b9c92d6
2029,323101.04691869835,1639966.6773343894,1639975.9988382063,73544795.38679975,74020674.1332675,1618216.3264636279,foreign_labor_migration_v5_forecast_by_year,Foreign labor migration/docs/data/region_sector_forecast.csv,2026-05-27T13:57:22+00:00,2029,"{""cumulative_recommended_quota_persons"":1639975.9988382063,""domestic_sector_supply_total_with_unemployment_reserve_persons"":74020674.1332675,""foreign_labor_stock_need_persons"":1639966.6773343894,""labor_demand_required_persons"":73544795.38679975,""recommended_annual_quota_persons"":323101.04691869835,""unemployment_reserve_sector_allocated_persons"":1618216.3264636279}","{""cumulative_recommended_quota_persons"":""persons"",""domestic_sector_supply_total_with_unemployment_reserve_persons"":""persons"",""foreign_labor_stock_need_persons"":""persons"",""labor_demand_required_persons"":""persons"",""recommended_annual_quota_persons"":""persons"",""unemployment_reserve_sector_allocated_persons"":""persons""}",scripts/build_labor_migration_artifacts.py,scripts/build_labor_migration_artifacts.py,calculated_v5_year_sum,bed04356e8a570a2911dde917ab538bd3dd43ad84aa6d09cf900456bb3680985,3b223008f0604bd93c899f4841dd590958f79273e4c3aa6a52ea457b173f099f
2030,322672.98819730396,1962639.6655316935,1962648.9870355104,73788172.0004156,73789942.86389317,1617372.2463947341,foreign_labor_migration_v5_forecast_by_year,Foreign labor migration/docs/data/region_sector_forecast.csv,2026-05-27T13:57:22+00:00,2030,"{""cumulative_recommended_quota_persons"":1962648.9870355104,""domestic_sector_supply_total_with_unemployment_reserve_persons"":73789942.86389317,""foreign_labor_stock_need_persons"":1962639.6655316935,""labor_demand_required_persons"":73788172.0004156,""recommended_annual_quota_persons"":322672.98819730396,""unemployment_reserve_sector_allocated_persons"":1617372.2463947341}","{""cumulative_recommended_quota_persons"":""persons"",""domestic_sector_supply_total_with_unemployment_reserve_persons"":""persons"",""foreign_labor_stock_need_persons"":""persons"",""labor_demand_required_persons"":""persons"",""recommended_annual_quota_persons"":""persons"",""unemployment_reserve_sector_allocated_persons"":""persons""}",scripts/build_labor_migration_artifacts.py,scripts/build_labor_migration_artifacts.py,calculated_v5_year_sum,bed04356e8a570a2911dde917ab538bd3dd43ad84aa6d09cf900456bb3680985,62f54ef15e58a22042b2779cd966b374a913f8dc7c413fe05c90134ec079f63f
2031,335764.73458026914,2298404.4001119626,2298413.7216157797,74030916.97781296,73561753.93994129,1616038.2333795629,foreign_labor_migration_v5_forecast_by_year,Foreign labor migration/docs/data/region_sector_forecast.csv,2026-05-27T13:57:22+00:00,2031,"{""cumulative_recommended_quota_persons"":2298413.7216157797,""domestic_sector_supply_total_with_unemployment_reserve_persons"":73561753.93994129,""foreign_labor_stock_need_persons"":2298404.4001119626,""labor_demand_required_persons"":74030916.97781296,""recommended_annual_quota_persons"":335764.73458026914,""unemployment_reserve_sector_allocated_persons"":1616038.2333795629}","{""cumulative_recommended_quota_persons"":""persons"",""domestic_sector_supply_total_with_unemployment_reserve_persons"":""persons"",""foreign_labor_stock_need_persons"":""persons"",""labor_demand_required_persons"":""persons"",""recommended_annual_quota_persons"":""persons"",""unemployment_reserve_sector_allocated_persons"":""persons""}",scripts/build_labor_migration_artifacts.py,scripts/build_labor_migration_artifacts.py,calculated_v5_year_sum,bed04356e8a570a2911dde917ab538bd3dd43ad84aa6d09cf900456bb3680985,957160879cff4b2916592461bc90fe97e315330fb4f02a94370a14e300069f56
2032,455322.1682643844,2753726.568376347,2753735.889880164,74262264.56817885,73222106.50143073,1611941.9987483297,foreign_labor_migration_v5_forecast_by_year,Foreign labor migration/docs/data/region_sector_forecast.csv,2026-05-27T13:57:22+00:00,2032,"{""cumulative_recommended_quota_persons"":2753735.889880164,""domestic_sector_supply_total_with_unemployment_reserve_persons"":73222106.50143073,""foreign_labor_stock_need_persons"":2753726.568376347,""labor_demand_required_persons"":74262264.56817885,""recommended_annual_quota_persons"":455322.1682643844,""unemployment_reserve_sector_allocated_persons"":1611941.9987483297}","{""cumulative_recommended_quota_persons"":""persons"",""domestic_sector_supply_total_with_unemployment_reserve_persons"":""persons"",""foreign_labor_stock_need_persons"":""persons"",""labor_demand_required_persons"":""persons"",""recommended_annual_quota_persons"":""persons"",""unemployment_reserve_sector_allocated_persons"":""persons""}",scripts/build_labor_migration_artifacts.py,scripts/build_labor_migration_artifacts.py,calculated_v5_year_sum,bed04356e8a570a2911dde917ab538bd3dd43ad84aa6d09cf900456bb3680985,ae9a160d837b3f4a33596a383a783cf3886232ceada32ad7db3dfd8b830f4ae6
2033,577465.7822618393,3331192.350638186,3331201.672142003,74464625.00434317,72750358.59841351,1605061.927230854,foreign_labor_migration_v5_forecast_by_year,Foreign labor migration/docs/data/region_sector_forecast.csv,2026-05-27T13:57:22+00:00,2033,"{""cumulative_recommended_quota_persons"":3331201.672142003,""domestic_sector_supply_total_with_unemployment_reserve_persons"":72750358.59841351,""foreign_labor_stock_need_persons"":3331192.350638186,""labor_demand_required_persons"":74464625.00434317,""recommended_annual_quota_persons"":577465.7822618393,""unemployment_reserve_sector_allocated_persons"":1605061.927230854}","{""cumulative_recommended_quota_persons"":""persons"",""domestic_sector_supply_total_with_unemployment_reserve_persons"":""persons"",""foreign_labor_stock_need_persons"":""persons"",""labor_demand_required_persons"":""persons"",""recommended_annual_quota_persons"":""persons"",""unemployment_reserve_sector_allocated_persons"":""persons""}",scripts/build_labor_migration_artifacts.py,scripts/build_labor_migration_artifacts.py,calculated_v5_year_sum,bed04356e8a570a2911dde917ab538bd3dd43ad84aa6d09cf900456bb3680985,6c1ab69bfbf821c760dd4ab0261a58d60e2cf3d5692a7184fcf7280c51fa19c3
2034,686867.7200049888,4018060.070643175,4018069.392146992,74628375.38111494,72108524.23158401,1594025.0875094314,foreign_labor_migration_v5_forecast_by_year,Foreign labor migration/docs/data/region_sector_forecast.csv,2026-05-27T13:57:22+00:00,2034,"{""cumulative_recommended_quota_persons"":4018069.392146992,""domestic_sector_supply_total_with_unemployment_reserve_persons"":72108524.23158401,""foreign_labor_stock_need_persons"":4018060.070643175,""labor_demand_required_persons"":74628375.38111494,""recommended_annual_quota_persons"":686867.7200049888,""unemployment_reserve_sector_allocated_persons"":1594025.0875094314}","{""cumulative_recommended_quota_persons"":""persons"",""domestic_sector_supply_total_with_unemployment_reserve_persons"":""persons"",""foreign_labor_stock_need_persons"":""persons"",""labor_demand_required_persons"":""persons"",""recommended_annual_quota_persons"":""persons"",""unemployment_reserve_sector_allocated_persons"":""persons""}",scripts/build_labor_migration_artifacts.py,scripts/build_labor_migration_artifacts.py,calculated_v5_year_sum,bed04356e8a570a2911dde917ab538bd3dd43ad84aa6d09cf900456bb3680985,e0e6bd92e0f4a10269b79ff28ad5af18e0eb8a73ef35c366a5ecffe6367b81c9
2035,620716.7886455917,4638776.859288767,4638786.180792584,74747031.73741548,71523500.58672348,1584474.2862019176,foreign_labor_migration_v5_forecast_by_year,Foreign labor migration/docs/data/region_sector_forecast.csv,2026-05-27T13:57:22+00:00,2035,"{""cumulative_recommended_quota_persons"":4638786.180792584,""domestic_sector_supply_total_with_unemployment_reserve_persons"":71523500.58672348,""foreign_labor_stock_need_persons"":4638776.859288767,""labor_demand_required_persons"":74747031.73741548,""recommended_annual_quota_persons"":620716.7886455917,""unemployment_reserve_sector_allocated_persons"":1584474.2862019176}","{""cumulative_recommended_quota_persons"":""persons"",""domestic_sector_supply_total_with_unemployment_reserve_persons"":""persons"",""foreign_labor_stock_need_persons"":""persons"",""labor_demand_required_persons"":""persons"",""recommended_annual_quota_persons"":""persons"",""unemployment_reserve_sector_allocated_persons"":""persons""}",scripts/build_labor_migration_artifacts.py,scripts/build_labor_migration_artifacts.py,calculated_v5_year_sum,bed04356e8a570a2911dde917ab538bd3dd43ad84aa6d09cf900456bb3680985,c6b88ef326666516f7342bd4b5ea7b4df8d0ca2fedd066a9dddcbdfeef7106b3
2036,574449.5460604241,5213226.405349191,5213235.726853007,74807390.23546529,70950866.0401084,1575183.4717654919,foreign_labor_migration_v5_forecast_by_year,Foreign labor migration/docs/data/region_sector_forecast.csv,2026-05-27T13:57:22+00:00,2036,"{""cumulative_recommended_quota_persons"":5213235.726853007,""domestic_sector_supply_total_with_unemployment_reserve_persons"":70950866.0401084,""foreign_labor_stock_need_persons"":5213226.405349191,""labor_demand_required_persons"":74807390.23546529,""recommended_annual_quota_persons"":574449.5460604241,""unemployment_reserve_sector_allocated_persons"":1575183.4717654919}","{""cumulative_recommended_quota_persons"":""persons"",""domestic_sector_supply_total_with_unemployment_reserve_persons"":""persons"",""foreign_labor_stock_need_persons"":""persons"",""labor_demand_required_persons"":""persons"",""recommended_annual_quota_persons"":""persons"",""unemployment_reserve_sector_allocated_persons"":""persons""}",scripts/build_labor_migration_artifacts.py,scripts/build_labor_migration_artifacts.py,calculated_v5_year_sum,bed04356e8a570a2911dde917ab538bd3dd43ad84aa6d09cf900456bb3680985,8353ee6edb6b892f2e09d3cd2f66a5133fe693452d1542253a23ac69bb5d5ffa
2037,540928.968138021,5754155.373487212,5754164.694991029,74819867.42137453,70367637.17310001,1565459.881166755,foreign_labor_migration_v5_forecast_by_year,Foreign labor migration/docs/data/region_sector_forecast.csv,2026-05-27T13:57:22+00:00,2037,"{""cumulative_recommended_quota_persons"":5754164.694991029,""domestic_sector_supply_total_with_unemployment_reserve_persons"":70367637.17310001,""foreign_labor_stock_need_persons"":5754155.373487212,""labor_demand_required_persons"":74819867.42137453,""recommended_annual_quota_persons"":540928.968138021,""unemployment_reserve_sector_allocated_persons"":1565459.881166755}","{""cumulative_recommended_quota_persons"":""persons"",""domestic_sector_supply_total_with_unemployment_reserve_persons"":""persons"",""foreign_labor_stock_need_persons"":""persons"",""labor_demand_required_persons"":""persons"",""recommended_annual_quota_persons"":""persons"",""unemployment_reserve_sector_allocated_persons"":""persons""}",scripts/build_labor_migration_artifacts.py,scripts/build_labor_migration_artifacts.py,calculated_v5_year_sum,bed04356e8a570a2911dde917ab538bd3dd43ad84aa6d09cf900456bb3680985,e9e15c6cc83818b1bffb56cef92aa4a600a06f2fa432ae51e0492a21d8f72c4a
2038,455471.4746880488,6209626.84817526,6209636.169679077,74771307.94103514,69835827.60250272,1556607.5320843323,foreign_labor_migration_v5_forecast_by_year,Foreign labor migration/docs/data/region_sector_forecast.csv,2026-05-27T13:57:22+00:00,2038,"{""cumulative_recommended_quota_persons"":6209636.169679077,""domestic_sector_supply_total_with_unemployment_reserve_persons"":69835827.60250272,""foreign_labor_stock_need_persons"":6209626.84817526,""labor_demand_required_persons"":74771307.94103514,""recommended_annual_quota_persons"":455471.4746880488,""unemployment_reserve_sector_allocated_persons"":1556607.5320843323}","{""cumulative_recommended_quota_persons"":""persons"",""domestic_sector_supply_total_with_unemployment_reserve_persons"":""persons"",""foreign_labor_stock_need_persons"":""persons"",""labor_demand_required_persons"":""persons"",""recommended_annual_quota_persons"":""persons"",""unemployment_reserve_sector_allocated_persons"":""persons""}",scripts/build_labor_migration_artifacts.py,scripts/build_labor_migration_artifacts.py,calculated_v5_year_sum,bed04356e8a570a2911dde917ab538bd3dd43ad84aa6d09cf900456bb3680985,0b4b47a072e653ede829da0e4c0f3c1ce57a36e3c1c961d50791845adebe3f08
2039,462255.09798042855,6671880.714518663,6671891.267659506,74669021.02685624,69249415.72458902,1546066.8171126863,foreign_labor_migration_v5_forecast_by_year,Foreign labor migration/docs/data/region_sector_forecast.csv,2026-05-27T13:57:22+00:00,2039,"{""cumulative_recommended_quota_persons"":6671891.267659506,""domestic_sector_supply_total_with_unemployment_reserve_persons"":69249415.72458902,""foreign_labor_stock_need_persons"":6671880.714518663,""labor_demand_required_persons"":74669021.02685624,""recommended_annual_quota_persons"":462255.09798042855,""unemployment_reserve_sector_allocated_persons"":1546066.8171126863}","{""cumulative_recommended_quota_persons"":""persons"",""domestic_sector_supply_total_with_unemployment_reserve_persons"":""persons"",""foreign_labor_stock_need_persons"":""persons"",""labor_demand_required_persons"":""persons"",""recommended_annual_quota_persons"":""persons"",""unemployment_reserve_sector_allocated_persons"":""persons""}",scripts/build_labor_migration_artifacts.py,scripts/build_labor_migration_artifacts.py,calculated_v5_year_sum,bed04356e8a570a2911dde917ab538bd3dd43ad84aa6d09cf900456bb3680985,3c4c0df08a52d915862fad987d7fd544861b309ecbfad59351f10d6b80183fc4
2040,418768.5730820316,7090649.287600694,7090659.8407415375,74534784.93057872,68690550.82248138,1536502.1000231013,foreign_labor_migration_v5_forecast_by_year,Foreign labor migration/docs/data/region_sector_forecast.csv,2026-05-27T13:57:22+00:00,2040,"{""cumulative_recommended_quota_persons"":7090659.8407415375,""domestic_sector_supply_total_with_unemployment_reserve_persons"":68690550.82248138,""foreign_labor_stock_need_persons"":7090649.287600694,""labor_demand_required_persons"":74534784.93057872,""recommended_annual_quota_persons"":418768.5730820316,""unemployment_reserve_sector_allocated_persons"":1536502.1000231013}","{""cumulative_recommended_quota_persons"":""persons"",""domestic_sector_supply_total_with_unemployment_reserve_persons"":""persons"",""foreign_labor_stock_need_persons"":""persons"",""labor_demand_required_persons"":""persons"",""recommended_annual_quota_persons"":""persons"",""unemployment_reserve_sector_allocated_persons"":""persons""}",scripts/build_labor_migration_artifacts.py,scripts/build_labor_migration_artifacts.py,calculated_v5_year_sum,bed04356e8a570a2911dde917ab538bd3dd43ad84aa6d09cf900456bb3680985,fc20fc62b2b5965c72b25ae9f0e18d9567c36a4eef22e4bf2bccc48996e1d4ba
2041,342709.65413167665,7433351.625655762,7433369.4948732145,74377157.71955189,68193942.52900921,1528122.1577308523,foreign_labor_migration_v5_forecast_by_year,Foreign labor migration/docs/data/region_sector_forecast.csv,2026-05-27T13:57:22+00:00,2041,"{""cumulative_recommended_quota_persons"":7433369.4948732145,""domestic_sector_supply_total_with_unemployment_reserve_persons"":68193942.52900921,""foreign_labor_stock_need_persons"":7433351.625655762,""labor_demand_required_persons"":74377157.71955189,""recommended_annual_quota_persons"":342709.65413167665,""unemployment_reserve_sector_allocated_persons"":1528122.1577308523}","{""cumulative_recommended_quota_persons"":""persons"",""domestic_sector_supply_total_with_unemployment_reserve_persons"":""persons"",""foreign_labor_stock_need_persons"":""persons"",""labor_demand_required_persons"":""persons"",""recommended_annual_quota_persons"":""persons"",""unemployment_reserve_sector_allocated_persons"":""persons""}",scripts/build_labor_migration_artifacts.py,scripts/build_labor_migration_artifacts.py,calculated_v5_year_sum,bed04356e8a570a2911dde917ab538bd3dd43ad84aa6d09cf900456bb3680985,0d8bb7e7d15761783e429c83c8e3b7efee3b958cbc9bc304db947bbb0b35a4b6
2042,399094.27024275844,7832445.89589852,7832463.765115973,74195409.58976315,67608276.60687722,1517711.3055949507,foreign_labor_migration_v5_forecast_by_year,Foreign labor migration/docs/data/region_sector_forecast.csv,2026-05-27T13:57:22+00:00,2042,"{""cumulative_recommended_quota_persons"":7832463.765115973,""domestic_sector_supply_total_with_unemployment_reserve_persons"":67608276.60687722,""foreign_labor_stock_need_persons"":7832445.89589852,""labor_demand_required_persons"":74195409.58976315,""recommended_annual_quota_persons"":399094.27024275844,""unemployment_reserve_sector_allocated_persons"":1517711.3055949507}","{""cumulative_recommended_quota_persons"":""persons"",""domestic_sector_supply_total_with_unemployment_reserve_persons"":""persons"",""foreign_labor_stock_need_persons"":""persons"",""labor_demand_required_persons"":""persons"",""recommended_annual_quota_persons"":""persons"",""unemployment_reserve_sector_allocated_persons"":""persons""}",scripts/build_labor_migration_artifacts.py,scripts/build_labor_migration_artifacts.py,calculated_v5_year_sum,bed04356e8a570a2911dde917ab538bd3dd43ad84aa6d09cf900456bb3680985,05c8693014ce978a20392b4de85e2e6f4c326b31d4db03f3b022fd78ca59d515
2043,379143.18470296497,8211589.080601485,8211606.949818938,73978500.25242782,67011991.737468325,1507207.3767562541,foreign_labor_migration_v5_forecast_by_year,Foreign labor migration/docs/data/region_sector_forecast.csv,2026-05-27T13:57:22+00:00,2043,"{""cumulative_recommended_quota_persons"":8211606.949818938,""domestic_sector_supply_total_with_unemployment_reserve_persons"":67011991.737468325,""foreign_labor_stock_need_persons"":8211589.080601485,""labor_demand_required_persons"":73978500.25242782,""recommended_annual_quota_persons"":379143.18470296497,""unemployment_reserve_sector_allocated_persons"":1507207.3767562541}","{""cumulative_recommended_quota_persons"":""persons"",""domestic_sector_supply_total_with_unemployment_reserve_persons"":""persons"",""foreign_labor_stock_need_persons"":""persons"",""labor_demand_required_persons"":""persons"",""recommended_annual_quota_persons"":""persons"",""unemployment_reserve_sector_allocated_persons"":""persons""}",scripts/build_labor_migration_artifacts.py,scripts/build_labor_migration_artifacts.py,calculated_v5_year_sum,bed04356e8a570a2911dde917ab538bd3dd43ad84aa6d09cf900456bb3680985,c49659c5e438184a142ab1211dfb6a3fbea87166af9a3834c213c80a3ead1fbf
2044,450406.61045674206,8661995.691058228,8662013.56027568,73713605.56755944,66283731.27417813,1493348.7965334377,foreign_labor_migration_v5_forecast_by_year,Foreign labor migration/docs/data/region_sector_forecast.csv,2026-05-27T13:57:22+00:00,2044,"{""cumulative_recommended_quota_persons"":8662013.56027568,""domestic_sector_supply_total_with_unemployment_reserve_persons"":66283731.27417813,""foreign_labor_stock_need_persons"":8661995.691058228,""labor_demand_required_persons"":73713605.56755944,""recommended_annual_quota_persons"":450406.61045674206,""unemployment_reserve_sector_allocated_persons"":1493348.7965334377}","{""cumulative_recommended_quota_persons"":""persons"",""domestic_sector_supply_total_with_unemployment_reserve_persons"":""persons"",""foreign_labor_stock_need_persons"":""persons"",""labor_demand_required_persons"":""persons"",""recommended_annual_quota_persons"":""persons"",""unemployment_reserve_sector_allocated_persons"":""persons""}",scripts/build_labor_migration_artifacts.py,scripts/build_labor_migration_artifacts.py,calculated_v5_year_sum,bed04356e8a570a2911dde917ab538bd3dd43ad84aa6d09cf900456bb3680985,87a30cfb85e5ef28383ec256e722aaa971cb071fb4a6c129005b8ff4e5e447b6
2045,354979.18006517395,9016929.432021055,9016992.740340853,73401558.20160517,65619139.03547088,1481602.0146637931,foreign_labor_migration_v5_forecast_by_year,Foreign labor migration/docs/data/region_sector_forecast.csv,2026-05-27T13:57:22+00:00,2045,"{""cumulative_recommended_quota_persons"":9016992.740340853,""domestic_sector_supply_total_with_unemployment_reserve_persons"":65619139.03547088,""foreign_labor_stock_need_persons"":9016929.432021055,""labor_demand_required_persons"":73401558.20160517,""recommended_annual_quota_persons"":354979.18006517395,""unemployment_reserve_sector_allocated_persons"":1481602.0146637931}","{""cumulative_recommended_quota_persons"":""persons"",""domestic_sector_supply_total_with_unemployment_reserve_persons"":""persons"",""foreign_labor_stock_need_persons"":""persons"",""labor_demand_required_persons"":""persons"",""recommended_annual_quota_persons"":""persons"",""unemployment_reserve_sector_allocated_persons"":""persons""}",scripts/build_labor_migration_artifacts.py,scripts/build_labor_migration_artifacts.py,calculated_v5_year_sum,bed04356e8a570a2911dde917ab538bd3dd43ad84aa6d09cf900456bb3680985,ccfc7c2fbe51fd01175707d73d420d06e111b1e1b77f99c17049ffd262a2f2aa
2046,373346.94436762313,9390276.376388678,9390339.684708476,73047214.2391184,64891766.778182134,1468551.1551770298,foreign_labor_migration_v5_forecast_by_year,Foreign labor migration/docs/data/region_sector_forecast.csv,2026-05-27T13:57:22+00:00,2046,"{""cumulative_recommended_quota_persons"":9390339.684708476,""domestic_sector_supply_total_with_unemployment_reserve_persons"":64891766.778182134,""foreign_labor_stock_need_persons"":9390276.376388678,""labor_demand_required_persons"":73047214.2391184,""recommended_annual_quota_persons"":373346.94436762313,""unemployment_reserve_sector_allocated_persons"":1468551.1551770298}","{""cumulative_recommended_quota_persons"":""persons"",""domestic_sector_supply_total_with_unemployment_reserve_persons"":""persons"",""foreign_labor_stock_need_persons"":""persons"",""labor_demand_required_persons"":""persons"",""recommended_annual_quota_persons"":""persons"",""unemployment_reserve_sector_allocated_persons"":""persons""}",scripts/build_labor_migration_artifacts.py,scripts/build_labor_migration_artifacts.py,calculated_v5_year_sum,bed04356e8a570a2911dde917ab538bd3dd43ad84aa6d09cf900456bb3680985,4fa60ca9baea75784ab5f2ce9c70fee1cd8dcb058e6c7a76aed03e633d62fcbf
2047,337822.0492848672,9728094.886028722,9728161.733993344,72660427.58602937,64169581.03996726,1455615.9173482773,foreign_labor_migration_v5_forecast_by_year,Foreign labor migration/docs/data/region_sector_forecast.csv,2026-05-27T13:57:22+00:00,2047,"{""cumulative_recommended_quota_persons"":9728161.733993344,""domestic_sector_supply_total_with_unemployment_reserve_persons"":64169581.03996726,""foreign_labor_stock_need_persons"":9728094.886028722,""labor_demand_required_persons"":72660427.58602937,""recommended_annual_quota_persons"":337822.0492848672,""unemployment_reserve_sector_allocated_persons"":1455615.9173482773}","{""cumulative_recommended_quota_persons"":""persons"",""domestic_sector_supply_total_with_unemployment_reserve_persons"":""persons"",""foreign_labor_stock_need_persons"":""persons"",""labor_demand_required_persons"":""persons"",""recommended_annual_quota_persons"":""persons"",""unemployment_reserve_sector_allocated_persons"":""persons""}",scripts/build_labor_migration_artifacts.py,scripts/build_labor_migration_artifacts.py,calculated_v5_year_sum,bed04356e8a570a2911dde917ab538bd3dd43ad84aa6d09cf900456bb3680985,36904effd3c1a1a0e2f9e6f7f88c012eaed0c498ea703f72194e4013b52f857a
2048,364929.3152131732,10092936.379604967,10093091.049206518,72247793.49371877,63393125.11691392,1441757.066018174,foreign_labor_migration_v5_forecast_by_year,Foreign labor migration/docs/data/region_sector_forecast.csv,2026-05-27T13:57:22+00:00,2048,"{""cumulative_recommended_quota_persons"":10093091.049206518,""domestic_sector_supply_total_with_unemployment_reserve_persons"":63393125.11691392,""foreign_labor_stock_need_persons"":10092936.379604967,""labor_demand_required_persons"":72247793.49371877,""recommended_annual_quota_persons"":364929.3152131732,""unemployment_reserve_sector_allocated_persons"":1441757.066018174}","{""cumulative_recommended_quota_persons"":""persons"",""domestic_sector_supply_total_with_unemployment_reserve_persons"":""persons"",""foreign_labor_stock_need_persons"":""persons"",""labor_demand_required_persons"":""persons"",""recommended_annual_quota_persons"":""persons"",""unemployment_reserve_sector_allocated_persons"":""persons""}",scripts/build_labor_migration_artifacts.py,scripts/build_labor_migration_artifacts.py,calculated_v5_year_sum,bed04356e8a570a2911dde917ab538bd3dd43ad84aa6d09cf900456bb3680985,e5be2159e5e4dd545cebdb2aabc5783a19415cbccc53521d8bb082bb09d25b41
2049,404048.54526620155,10496791.24857423,10497139.59447272,71813824.39614116,62549571.28370549,1426131.3128217484,foreign_labor_migration_v5_forecast_by_year,Foreign labor migration/docs/data/region_sector_forecast.csv,2026-05-27T13:57:22+00:00,2049,"{""cumulative_recommended_quota_persons"":10497139.59447272,""domestic_sector_supply_total_with_unemployment_reserve_persons"":62549571.28370549,""foreign_labor_stock_need_persons"":10496791.24857423,""labor_demand_required_persons"":71813824.39614116,""recommended_annual_quota_persons"":404048.54526620155,""unemployment_reserve_sector_allocated_persons"":1426131.3128217484}","{""cumulative_recommended_quota_persons"":""persons"",""domestic_sector_supply_total_with_unemployment_reserve_persons"":""persons"",""foreign_labor_stock_need_persons"":""persons"",""labor_demand_required_persons"":""persons"",""recommended_annual_quota_persons"":""persons"",""unemployment_reserve_sector_allocated_persons"":""persons""}",scripts/build_labor_migration_artifacts.py,scripts/build_labor_migration_artifacts.py,calculated_v5_year_sum,bed04356e8a570a2911dde917ab538bd3dd43ad84aa6d09cf900456bb3680985,232aee0d2e42d191c20498ab033ca439f061f2c248a7794e016227a8ab22ceb2
2050,375470.6378207208,10871939.212243913,10872610.23229344,71363535.8698283,61725509.80246221,1411337.5909281743,foreign_labor_migration_v5_forecast_by_year,Foreign labor migration/docs/data/region_sector_forecast.csv,2026-05-27T13:57:22+00:00,2050,"{""cumulative_recommended_quota_persons"":10872610.23229344,""domestic_sector_supply_total_with_unemployment_reserve_persons"":61725509.80246221,""foreign_labor_stock_need_persons"":10871939.212243913,""labor_demand_required_persons"":71363535.8698283,""recommended_annual_quota_persons"":375470.6378207208,""unemployment_reserve_sector_allocated_persons"":1411337.5909281743}","{""cumulative_recommended_quota_persons"":""persons"",""domestic_sector_supply_total_with_unemployment_reserve_persons"":""persons"",""foreign_labor_stock_need_persons"":""persons"",""labor_demand_required_persons"":""persons"",""recommended_annual_quota_persons"":""persons"",""unemployment_reserve_sector_allocated_persons"":""persons""}",scripts/build_labor_migration_artifacts.py,scripts/build_labor_migration_artifacts.py,calculated_v5_year_sum,bed04356e8a570a2911dde917ab538bd3dd43ad84aa6d09cf900456bb3680985,a1967e8625eb01355c59739e4e8f1d5ba6565493b61550fd64ba9ad011a0019a
