territory_id,territory_name,federal_district_name,activity_id,okved_section,activity_name,forecast_year,recommended_annual_quota_persons,foreign_labor_stock_need_persons,cumulative_recommended_quota_persons,forecast_quality_flag,training_source_coverage_flag,source_key,source_url_or_file,retrieved_at,source_period,raw_value,unit,transform_script,transformation_script,observation_status,sha256_or_etag,source_row_sha256
TER020,Город Москва столица Российской Федерации город федерального значения,Центральный федеральный округ,OKVED_G,G,Торговля оптовая и розничная; ремонт автотранспортных средств и мотоциклов,2050,10388.988622083096,192693.055127952,192693.055127952,ok,observed_history,foreign_labor_migration_v5_top_region_sectors_2050,Foreign labor migration/docs/data/region_sector_forecast.csv,2026-05-27T13:57:22+00:00,2050,"{""cumulative_recommended_quota_persons"":192693.055127952,""foreign_labor_stock_need_persons"":192693.055127952,""recommended_annual_quota_persons"":10388.988622083096}","{""cumulative_recommended_quota_persons"":""persons"",""foreign_labor_stock_need_persons"":""persons"",""recommended_annual_quota_persons"":""persons""}",scripts/build_labor_migration_artifacts.py,scripts/build_labor_migration_artifacts.py,calculated_v5_region_sector_row,bed04356e8a570a2911dde917ab538bd3dd43ad84aa6d09cf900456bb3680985,b3cc8c407e8c622fd72e809472c0437bc0e2f5ee4e01bbdfec0c20d3e18c411c
TER012,Московская область,Центральный федеральный округ,OKVED_G,G,Торговля оптовая и розничная; ремонт автотранспортных средств и мотоциклов,2050,5934.357674482744,52664.48968581611,52664.48968581611,ok,observed_history,foreign_labor_migration_v5_top_region_sectors_2050,Foreign labor migration/docs/data/region_sector_forecast.csv,2026-05-27T13:57:22+00:00,2050,"{""cumulative_recommended_quota_persons"":52664.48968581611,""foreign_labor_stock_need_persons"":52664.48968581611,""recommended_annual_quota_persons"":5934.357674482744}","{""cumulative_recommended_quota_persons"":""persons"",""foreign_labor_stock_need_persons"":""persons"",""recommended_annual_quota_persons"":""persons""}",scripts/build_labor_migration_artifacts.py,scripts/build_labor_migration_artifacts.py,calculated_v5_region_sector_row,bed04356e8a570a2911dde917ab538bd3dd43ad84aa6d09cf900456bb3680985,869aa680989b6af321b7b17f052408bbf83476421dd0af945d325b2537d2c167
TER020,Город Москва столица Российской Федерации город федерального значения,Центральный федеральный округ,OKVED_H,H,Транспортировка и хранение,2050,4974.567787857144,85978.12940459908,85978.12940459908,ok,observed_history,foreign_labor_migration_v5_top_region_sectors_2050,Foreign labor migration/docs/data/region_sector_forecast.csv,2026-05-27T13:57:22+00:00,2050,"{""cumulative_recommended_quota_persons"":85978.12940459908,""foreign_labor_stock_need_persons"":85978.12940459908,""recommended_annual_quota_persons"":4974.567787857144}","{""cumulative_recommended_quota_persons"":""persons"",""foreign_labor_stock_need_persons"":""persons"",""recommended_annual_quota_persons"":""persons""}",scripts/build_labor_migration_artifacts.py,scripts/build_labor_migration_artifacts.py,calculated_v5_region_sector_row,bed04356e8a570a2911dde917ab538bd3dd43ad84aa6d09cf900456bb3680985,f261a680a8ead6c4bfaf971d3759a85ca8d09b8d498cd3fc22ba6b4db4f59fe9
TER070,Ханты-Мансийский автономный округ - Югра (Тюменская область),Уральский федеральный округ,OKVED_B,B,Добыча полезных ископаемых,2050,4243.618326361175,82144.82734971587,82144.82734971587,ok,observed_history,foreign_labor_migration_v5_top_region_sectors_2050,Foreign labor migration/docs/data/region_sector_forecast.csv,2026-05-27T13:57:22+00:00,2050,"{""cumulative_recommended_quota_persons"":82144.82734971587,""foreign_labor_stock_need_persons"":82144.82734971587,""recommended_annual_quota_persons"":4243.618326361175}","{""cumulative_recommended_quota_persons"":""persons"",""foreign_labor_stock_need_persons"":""persons"",""recommended_annual_quota_persons"":""persons""}",scripts/build_labor_migration_artifacts.py,scripts/build_labor_migration_artifacts.py,calculated_v5_region_sector_row,bed04356e8a570a2911dde917ab538bd3dd43ad84aa6d09cf900456bb3680985,0a5bb4ce3d215a84928c56011a7e65024b58ad6b506e4bd0880aeaf0455c6b38
TER020,Город Москва столица Российской Федерации город федерального значения,Центральный федеральный округ,OKVED_N,N,Деятельность административная и сопутствующие дополнительные услуги,2050,4041.8843872498255,61939.41091165756,61939.41091165756,ok,observed_history,foreign_labor_migration_v5_top_region_sectors_2050,Foreign labor migration/docs/data/region_sector_forecast.csv,2026-05-27T13:57:22+00:00,2050,"{""cumulative_recommended_quota_persons"":61939.41091165756,""foreign_labor_stock_need_persons"":61939.41091165756,""recommended_annual_quota_persons"":4041.8843872498255}","{""cumulative_recommended_quota_persons"":""persons"",""foreign_labor_stock_need_persons"":""persons"",""recommended_annual_quota_persons"":""persons""}",scripts/build_labor_migration_artifacts.py,scripts/build_labor_migration_artifacts.py,calculated_v5_region_sector_row,bed04356e8a570a2911dde917ab538bd3dd43ad84aa6d09cf900456bb3680985,81ec944ae9dff4101be5275b94aa8e749556ce8641525c7ed2c8bc0eb08bc2d8
TER033,Город Санкт-Петербург город федерального значения,Северо-Западный федеральный округ,OKVED_G,G,Торговля оптовая и розничная; ремонт автотранспортных средств и мотоциклов,2050,4032.060552475159,82047.53620028007,82047.53620028007,ok,observed_history,foreign_labor_migration_v5_top_region_sectors_2050,Foreign labor migration/docs/data/region_sector_forecast.csv,2026-05-27T13:57:22+00:00,2050,"{""cumulative_recommended_quota_persons"":82047.53620028007,""foreign_labor_stock_need_persons"":82047.53620028007,""recommended_annual_quota_persons"":4032.060552475159}","{""cumulative_recommended_quota_persons"":""persons"",""foreign_labor_stock_need_persons"":""persons"",""recommended_annual_quota_persons"":""persons""}",scripts/build_labor_migration_artifacts.py,scripts/build_labor_migration_artifacts.py,calculated_v5_region_sector_row,bed04356e8a570a2911dde917ab538bd3dd43ad84aa6d09cf900456bb3680985,fe39cfb836dd1a13401517b20aabbadc1c989b071eb18024287a7e9aa6bd7da0
TER020,Город Москва столица Российской Федерации город федерального значения,Центральный федеральный округ,OKVED_F,F,Строительство,2050,3940.772726117401,81041.59634460823,81041.59634460823,ok,observed_history,foreign_labor_migration_v5_top_region_sectors_2050,Foreign labor migration/docs/data/region_sector_forecast.csv,2026-05-27T13:57:22+00:00,2050,"{""cumulative_recommended_quota_persons"":81041.59634460823,""foreign_labor_stock_need_persons"":81041.59634460823,""recommended_annual_quota_persons"":3940.772726117401}","{""cumulative_recommended_quota_persons"":""persons"",""foreign_labor_stock_need_persons"":""persons"",""recommended_annual_quota_persons"":""persons""}",scripts/build_labor_migration_artifacts.py,scripts/build_labor_migration_artifacts.py,calculated_v5_region_sector_row,bed04356e8a570a2911dde917ab538bd3dd43ad84aa6d09cf900456bb3680985,cb1af63d3a2ea5e1d10c2765909da4fdc4cd728c8514e343408affaa4cbc6b8b
TER012,Московская область,Центральный федеральный округ,OKVED_C,C,Обрабатывающие производства,2050,3272.339057718462,30555.99723524769,30555.99723524769,ok,observed_history,foreign_labor_migration_v5_top_region_sectors_2050,Foreign labor migration/docs/data/region_sector_forecast.csv,2026-05-27T13:57:22+00:00,2050,"{""cumulative_recommended_quota_persons"":30555.99723524769,""foreign_labor_stock_need_persons"":30555.99723524769,""recommended_annual_quota_persons"":3272.339057718462}","{""cumulative_recommended_quota_persons"":""persons"",""foreign_labor_stock_need_persons"":""persons"",""recommended_annual_quota_persons"":""persons""}",scripts/build_labor_migration_artifacts.py,scripts/build_labor_migration_artifacts.py,calculated_v5_region_sector_row,bed04356e8a570a2911dde917ab538bd3dd43ad84aa6d09cf900456bb3680985,f41484740718d5032cc8f5961c6b9ddac16a23377d3e34ae7fbc5d375148a5a5
TER020,Город Москва столица Российской Федерации город федерального значения,Центральный федеральный округ,OKVED_Q,Q,Деятельность в области здравоохранения и социальных услуг,2050,3226.852824748552,49183.390286716574,49183.390286716574,ok,observed_history,foreign_labor_migration_v5_top_region_sectors_2050,Foreign labor migration/docs/data/region_sector_forecast.csv,2026-05-27T13:57:22+00:00,2050,"{""cumulative_recommended_quota_persons"":49183.390286716574,""foreign_labor_stock_need_persons"":49183.390286716574,""recommended_annual_quota_persons"":3226.852824748552}","{""cumulative_recommended_quota_persons"":""persons"",""foreign_labor_stock_need_persons"":""persons"",""recommended_annual_quota_persons"":""persons""}",scripts/build_labor_migration_artifacts.py,scripts/build_labor_migration_artifacts.py,calculated_v5_region_sector_row,bed04356e8a570a2911dde917ab538bd3dd43ad84aa6d09cf900456bb3680985,7fd86f16ee12d46287f37d760195672f019d1e08090098991c4fe997840d476e
TER020,Город Москва столица Российской Федерации город федерального значения,Центральный федеральный округ,OKVED_C,C,Обрабатывающие производства,2050,3117.6372540867305,68759.91023067856,68759.91023067856,ok,observed_history,foreign_labor_migration_v5_top_region_sectors_2050,Foreign labor migration/docs/data/region_sector_forecast.csv,2026-05-27T13:57:22+00:00,2050,"{""cumulative_recommended_quota_persons"":68759.91023067856,""foreign_labor_stock_need_persons"":68759.91023067856,""recommended_annual_quota_persons"":3117.6372540867305}","{""cumulative_recommended_quota_persons"":""persons"",""foreign_labor_stock_need_persons"":""persons"",""recommended_annual_quota_persons"":""persons""}",scripts/build_labor_migration_artifacts.py,scripts/build_labor_migration_artifacts.py,calculated_v5_region_sector_row,bed04356e8a570a2911dde917ab538bd3dd43ad84aa6d09cf900456bb3680985,12b379a8442846f7d48a27f875d69045037266121e0755cf65fb5a6c272433d1
TER020,Город Москва столица Российской Федерации город федерального значения,Центральный федеральный округ,OKVED_P,P,Образование,2050,3109.662146731396,49905.26618663519,49905.26618663519,ok,observed_history,foreign_labor_migration_v5_top_region_sectors_2050,Foreign labor migration/docs/data/region_sector_forecast.csv,2026-05-27T13:57:22+00:00,2050,"{""cumulative_recommended_quota_persons"":49905.26618663519,""foreign_labor_stock_need_persons"":49905.26618663519,""recommended_annual_quota_persons"":3109.662146731396}","{""cumulative_recommended_quota_persons"":""persons"",""foreign_labor_stock_need_persons"":""persons"",""recommended_annual_quota_persons"":""persons""}",scripts/build_labor_migration_artifacts.py,scripts/build_labor_migration_artifacts.py,calculated_v5_region_sector_row,bed04356e8a570a2911dde917ab538bd3dd43ad84aa6d09cf900456bb3680985,f59200efef464a76e4ea1687fa734e4f626f7d95290f31703c0ee06b6c0cc41a
TER020,Город Москва столица Российской Федерации город федерального значения,Центральный федеральный округ,OKVED_M,M,"Деятельность профессиональная, научная и техническая",2050,2842.120821437391,62535.29641156679,62535.29641156679,ok,observed_history,foreign_labor_migration_v5_top_region_sectors_2050,Foreign labor migration/docs/data/region_sector_forecast.csv,2026-05-27T13:57:22+00:00,2050,"{""cumulative_recommended_quota_persons"":62535.29641156679,""foreign_labor_stock_need_persons"":62535.29641156679,""recommended_annual_quota_persons"":2842.120821437391}","{""cumulative_recommended_quota_persons"":""persons"",""foreign_labor_stock_need_persons"":""persons"",""recommended_annual_quota_persons"":""persons""}",scripts/build_labor_migration_artifacts.py,scripts/build_labor_migration_artifacts.py,calculated_v5_region_sector_row,bed04356e8a570a2911dde917ab538bd3dd43ad84aa6d09cf900456bb3680985,4bfcc08030e38a192565b43127c8bcf67d43c4439e598af4e545e18f24be2153
TER020,Город Москва столица Российской Федерации город федерального значения,Центральный федеральный округ,OKVED_J,J,Деятельность в области информации и связи,2050,2750.0435501248576,56057.18205407483,56057.18205407483,ok,observed_history,foreign_labor_migration_v5_top_region_sectors_2050,Foreign labor migration/docs/data/region_sector_forecast.csv,2026-05-27T13:57:22+00:00,2050,"{""cumulative_recommended_quota_persons"":56057.18205407483,""foreign_labor_stock_need_persons"":56057.18205407483,""recommended_annual_quota_persons"":2750.0435501248576}","{""cumulative_recommended_quota_persons"":""persons"",""foreign_labor_stock_need_persons"":""persons"",""recommended_annual_quota_persons"":""persons""}",scripts/build_labor_migration_artifacts.py,scripts/build_labor_migration_artifacts.py,calculated_v5_region_sector_row,bed04356e8a570a2911dde917ab538bd3dd43ad84aa6d09cf900456bb3680985,4595e6455aa4b49623e68d969a4d8c3d2abb7b9e0777a90fcb5b3c1396633726
TER012,Московская область,Центральный федеральный округ,OKVED_H,H,Транспортировка и хранение,2050,2715.2960767806508,21787.963429425028,21787.963429425028,ok,observed_history,foreign_labor_migration_v5_top_region_sectors_2050,Foreign labor migration/docs/data/region_sector_forecast.csv,2026-05-27T13:57:22+00:00,2050,"{""cumulative_recommended_quota_persons"":21787.963429425028,""foreign_labor_stock_need_persons"":21787.963429425028,""recommended_annual_quota_persons"":2715.2960767806508}","{""cumulative_recommended_quota_persons"":""persons"",""foreign_labor_stock_need_persons"":""persons"",""recommended_annual_quota_persons"":""persons""}",scripts/build_labor_migration_artifacts.py,scripts/build_labor_migration_artifacts.py,calculated_v5_region_sector_row,bed04356e8a570a2911dde917ab538bd3dd43ad84aa6d09cf900456bb3680985,4aadbde20e0a57fe132737b6b374549a1acd00146f6f96a3ccce13f6f6dff1bd
TER038,Краснодарский край,Южный федеральный округ (с 29.07.2016),OKVED_G,G,Торговля оптовая и розничная; ремонт автотранспортных средств и мотоциклов,2050,2652.712007925031,94519.60233078244,94519.60233078244,ok,observed_history,foreign_labor_migration_v5_top_region_sectors_2050,Foreign labor migration/docs/data/region_sector_forecast.csv,2026-05-27T13:57:22+00:00,2050,"{""cumulative_recommended_quota_persons"":94519.60233078244,""foreign_labor_stock_need_persons"":94519.60233078244,""recommended_annual_quota_persons"":2652.712007925031}","{""cumulative_recommended_quota_persons"":""persons"",""foreign_labor_stock_need_persons"":""persons"",""recommended_annual_quota_persons"":""persons""}",scripts/build_labor_migration_artifacts.py,scripts/build_labor_migration_artifacts.py,calculated_v5_region_sector_row,bed04356e8a570a2911dde917ab538bd3dd43ad84aa6d09cf900456bb3680985,f99a4a7f0a4bb26c9413c3418f3e262914ea0f2946db362d2849442cfdbc73d3
TER081,Кемеровская область - Кузбасс,Сибирский федеральный округ (с 03.11.2018),OKVED_B,B,Добыча полезных ископаемых,2050,2553.2805187661725,113791.42161013633,113791.42161013633,ok,observed_history,foreign_labor_migration_v5_top_region_sectors_2050,Foreign labor migration/docs/data/region_sector_forecast.csv,2026-05-27T13:57:22+00:00,2050,"{""cumulative_recommended_quota_persons"":113791.42161013633,""foreign_labor_stock_need_persons"":113791.42161013633,""recommended_annual_quota_persons"":2553.2805187661725}","{""cumulative_recommended_quota_persons"":""persons"",""foreign_labor_stock_need_persons"":""persons"",""recommended_annual_quota_persons"":""persons""}",scripts/build_labor_migration_artifacts.py,scripts/build_labor_migration_artifacts.py,calculated_v5_region_sector_row,bed04356e8a570a2911dde917ab538bd3dd43ad84aa6d09cf900456bb3680985,953d0a71eed7b2ded19b6d49ad00f6d3393ae607aa87fdafbcc147b56d695899
TER020,Город Москва столица Российской Федерации город федерального значения,Центральный федеральный округ,OKVED_K,K,Деятельность финансовая и страховая,2050,2516.357585987484,45330.080589130346,45330.080589130346,ok,observed_history,foreign_labor_migration_v5_top_region_sectors_2050,Foreign labor migration/docs/data/region_sector_forecast.csv,2026-05-27T13:57:22+00:00,2050,"{""cumulative_recommended_quota_persons"":45330.080589130346,""foreign_labor_stock_need_persons"":45330.080589130346,""recommended_annual_quota_persons"":2516.357585987484}","{""cumulative_recommended_quota_persons"":""persons"",""foreign_labor_stock_need_persons"":""persons"",""recommended_annual_quota_persons"":""persons""}",scripts/build_labor_migration_artifacts.py,scripts/build_labor_migration_artifacts.py,calculated_v5_region_sector_row,bed04356e8a570a2911dde917ab538bd3dd43ad84aa6d09cf900456bb3680985,5f6e6f0a69f62f16c8664d19c305d55028fb11c1f14e2eaebeb312327d7cc624
TER033,Город Санкт-Петербург город федерального значения,Северо-Западный федеральный округ,OKVED_H,H,Транспортировка и хранение,2050,2420.5893168943003,45500.60133603355,45500.60133603355,ok,observed_history,foreign_labor_migration_v5_top_region_sectors_2050,Foreign labor migration/docs/data/region_sector_forecast.csv,2026-05-27T13:57:22+00:00,2050,"{""cumulative_recommended_quota_persons"":45500.60133603355,""foreign_labor_stock_need_persons"":45500.60133603355,""recommended_annual_quota_persons"":2420.5893168943003}","{""cumulative_recommended_quota_persons"":""persons"",""foreign_labor_stock_need_persons"":""persons"",""recommended_annual_quota_persons"":""persons""}",scripts/build_labor_migration_artifacts.py,scripts/build_labor_migration_artifacts.py,calculated_v5_region_sector_row,bed04356e8a570a2911dde917ab538bd3dd43ad84aa6d09cf900456bb3680985,2c22ed1aefaddbc923782c93e7204e9935f5db4d6585cc24cd8a51dce1dc5928
TER020,Город Москва столица Российской Федерации город федерального значения,Центральный федеральный округ,OKVED_S,S,Предоставление прочих видов услуг,2050,2355.2634924698505,38594.165376576944,38594.165376576944,ok,observed_history,foreign_labor_migration_v5_top_region_sectors_2050,Foreign labor migration/docs/data/region_sector_forecast.csv,2026-05-27T13:57:22+00:00,2050,"{""cumulative_recommended_quota_persons"":38594.165376576944,""foreign_labor_stock_need_persons"":38594.165376576944,""recommended_annual_quota_persons"":2355.2634924698505}","{""cumulative_recommended_quota_persons"":""persons"",""foreign_labor_stock_need_persons"":""persons"",""recommended_annual_quota_persons"":""persons""}",scripts/build_labor_migration_artifacts.py,scripts/build_labor_migration_artifacts.py,calculated_v5_region_sector_row,bed04356e8a570a2911dde917ab538bd3dd43ad84aa6d09cf900456bb3680985,ff4b67405aaf9b505e879b50066f2fb3b471d97bd53adea7f50a65e9e44e7ee4
TER068,Свердловская область,Уральский федеральный округ,OKVED_G,G,Торговля оптовая и розничная; ремонт автотранспортных средств и мотоциклов,2050,2298.294339464628,58846.797517395,58846.797517395,ok,observed_history,foreign_labor_migration_v5_top_region_sectors_2050,Foreign labor migration/docs/data/region_sector_forecast.csv,2026-05-27T13:57:22+00:00,2050,"{""cumulative_recommended_quota_persons"":58846.797517395,""foreign_labor_stock_need_persons"":58846.797517395,""recommended_annual_quota_persons"":2298.294339464628}","{""cumulative_recommended_quota_persons"":""persons"",""foreign_labor_stock_need_persons"":""persons"",""recommended_annual_quota_persons"":""persons""}",scripts/build_labor_migration_artifacts.py,scripts/build_labor_migration_artifacts.py,calculated_v5_region_sector_row,bed04356e8a570a2911dde917ab538bd3dd43ad84aa6d09cf900456bb3680985,bb4636726f1f9454f9bf1a8e5f18420fbff5cd2c926a0cf70c8f492c67c572c1
TER012,Московская область,Центральный федеральный округ,OKVED_F,F,Строительство,2050,2120.066709413659,17943.80830556259,17943.80830556259,ok,observed_history,foreign_labor_migration_v5_top_region_sectors_2050,Foreign labor migration/docs/data/region_sector_forecast.csv,2026-05-27T13:57:22+00:00,2050,"{""cumulative_recommended_quota_persons"":17943.80830556259,""foreign_labor_stock_need_persons"":17943.80830556259,""recommended_annual_quota_persons"":2120.066709413659}","{""cumulative_recommended_quota_persons"":""persons"",""foreign_labor_stock_need_persons"":""persons"",""recommended_annual_quota_persons"":""persons""}",scripts/build_labor_migration_artifacts.py,scripts/build_labor_migration_artifacts.py,calculated_v5_region_sector_row,bed04356e8a570a2911dde917ab538bd3dd43ad84aa6d09cf900456bb3680985,d3ae7e5c1132dfb968332e81bdc885407c9fa11f023e17f5f45bd1f6ef9b8d04
TER033,Город Санкт-Петербург город федерального значения,Северо-Западный федеральный округ,OKVED_P,P,Образование,2050,2065.551045347471,36392.5886391901,36392.5886391901,ok,observed_history,foreign_labor_migration_v5_top_region_sectors_2050,Foreign labor migration/docs/data/region_sector_forecast.csv,2026-05-27T13:57:22+00:00,2050,"{""cumulative_recommended_quota_persons"":36392.5886391901,""foreign_labor_stock_need_persons"":36392.5886391901,""recommended_annual_quota_persons"":2065.551045347471}","{""cumulative_recommended_quota_persons"":""persons"",""foreign_labor_stock_need_persons"":""persons"",""recommended_annual_quota_persons"":""persons""}",scripts/build_labor_migration_artifacts.py,scripts/build_labor_migration_artifacts.py,calculated_v5_region_sector_row,bed04356e8a570a2911dde917ab538bd3dd43ad84aa6d09cf900456bb3680985,eb3703184992553a5811c66119b80865ca13ab7c535da2dfd8221d018a3ff29d
TER020,Город Москва столица Российской Федерации город федерального значения,Центральный федеральный округ,OKVED_L,L,Деятельность по операциям с недвижимым имуществом,2050,2047.8470296277665,35111.80438651476,35111.80438651476,ok,observed_history,foreign_labor_migration_v5_top_region_sectors_2050,Foreign labor migration/docs/data/region_sector_forecast.csv,2026-05-27T13:57:22+00:00,2050,"{""cumulative_recommended_quota_persons"":35111.80438651476,""foreign_labor_stock_need_persons"":35111.80438651476,""recommended_annual_quota_persons"":2047.8470296277665}","{""cumulative_recommended_quota_persons"":""persons"",""foreign_labor_stock_need_persons"":""persons"",""recommended_annual_quota_persons"":""persons""}",scripts/build_labor_migration_artifacts.py,scripts/build_labor_migration_artifacts.py,calculated_v5_region_sector_row,bed04356e8a570a2911dde917ab538bd3dd43ad84aa6d09cf900456bb3680985,6269350eff07b167437e8add9112a9a52f49c422c6b54f15190ac3dca1b14252
TER033,Город Санкт-Петербург город федерального значения,Северо-Западный федеральный округ,OKVED_C,C,Обрабатывающие производства,2050,2011.343502591364,50641.11798037501,50641.11798037501,ok,observed_history,foreign_labor_migration_v5_top_region_sectors_2050,Foreign labor migration/docs/data/region_sector_forecast.csv,2026-05-27T13:57:22+00:00,2050,"{""cumulative_recommended_quota_persons"":50641.11798037501,""foreign_labor_stock_need_persons"":50641.11798037501,""recommended_annual_quota_persons"":2011.343502591364}","{""cumulative_recommended_quota_persons"":""persons"",""foreign_labor_stock_need_persons"":""persons"",""recommended_annual_quota_persons"":""persons""}",scripts/build_labor_migration_artifacts.py,scripts/build_labor_migration_artifacts.py,calculated_v5_region_sector_row,bed04356e8a570a2911dde917ab538bd3dd43ad84aa6d09cf900456bb3680985,a8b7c5ce5be1317e8652800264f5a75b78a5a8792ba6aabf299792320bbceaab
TER012,Московская область,Центральный федеральный округ,OKVED_P,P,Образование,2050,1914.6208022903884,14037.469832978417,14037.469832978417,ok,observed_history,foreign_labor_migration_v5_top_region_sectors_2050,Foreign labor migration/docs/data/region_sector_forecast.csv,2026-05-27T13:57:22+00:00,2050,"{""cumulative_recommended_quota_persons"":14037.469832978417,""foreign_labor_stock_need_persons"":14037.469832978417,""recommended_annual_quota_persons"":1914.6208022903884}","{""cumulative_recommended_quota_persons"":""persons"",""foreign_labor_stock_need_persons"":""persons"",""recommended_annual_quota_persons"":""persons""}",scripts/build_labor_migration_artifacts.py,scripts/build_labor_migration_artifacts.py,calculated_v5_region_sector_row,bed04356e8a570a2911dde917ab538bd3dd43ad84aa6d09cf900456bb3680985,25f0f1ecc6267e2026702606aacaf177703893aa11082496b4ddbe298a22effe
TER012,Московская область,Центральный федеральный округ,OKVED_Q,Q,Деятельность в области здравоохранения и социальных услуг,2050,1882.5699769632768,13330.038136910473,13330.038136910473,ok,observed_history,foreign_labor_migration_v5_top_region_sectors_2050,Foreign labor migration/docs/data/region_sector_forecast.csv,2026-05-27T13:57:22+00:00,2050,"{""cumulative_recommended_quota_persons"":13330.038136910473,""foreign_labor_stock_need_persons"":13330.038136910473,""recommended_annual_quota_persons"":1882.5699769632768}","{""cumulative_recommended_quota_persons"":""persons"",""foreign_labor_stock_need_persons"":""persons"",""recommended_annual_quota_persons"":""persons""}",scripts/build_labor_migration_artifacts.py,scripts/build_labor_migration_artifacts.py,calculated_v5_region_sector_row,bed04356e8a570a2911dde917ab538bd3dd43ad84aa6d09cf900456bb3680985,1c205152bea336b68092f6339ae7683a8ed4bf2e16eeea88e3ba7dc617900b09
TER020,Город Москва столица Российской Федерации город федерального значения,Центральный федеральный округ,OKVED_O,O,Государственное управление и обеспечение военной безопасности; социальное обеспечение,2050,1877.7450981524016,29812.019833765487,29812.019833765487,ok,observed_history,foreign_labor_migration_v5_top_region_sectors_2050,Foreign labor migration/docs/data/region_sector_forecast.csv,2026-05-27T13:57:22+00:00,2050,"{""cumulative_recommended_quota_persons"":29812.019833765487,""foreign_labor_stock_need_persons"":29812.019833765487,""recommended_annual_quota_persons"":1877.7450981524016}","{""cumulative_recommended_quota_persons"":""persons"",""foreign_labor_stock_need_persons"":""persons"",""recommended_annual_quota_persons"":""persons""}",scripts/build_labor_migration_artifacts.py,scripts/build_labor_migration_artifacts.py,calculated_v5_region_sector_row,bed04356e8a570a2911dde917ab538bd3dd43ad84aa6d09cf900456bb3680985,5c10d48b65296f557d9417b28b2dc690c84bdac69e8a1d33987e543d99176507
TER041,Ростовская область,Южный федеральный округ (с 29.07.2016),OKVED_G,G,Торговля оптовая и розничная; ремонт автотранспортных средств и мотоциклов,2050,1834.5388110380736,108976.79374937876,108976.79374937876,ok,observed_history,foreign_labor_migration_v5_top_region_sectors_2050,Foreign labor migration/docs/data/region_sector_forecast.csv,2026-05-27T13:57:22+00:00,2050,"{""cumulative_recommended_quota_persons"":108976.79374937876,""foreign_labor_stock_need_persons"":108976.79374937876,""recommended_annual_quota_persons"":1834.5388110380736}","{""cumulative_recommended_quota_persons"":""persons"",""foreign_labor_stock_need_persons"":""persons"",""recommended_annual_quota_persons"":""persons""}",scripts/build_labor_migration_artifacts.py,scripts/build_labor_migration_artifacts.py,calculated_v5_region_sector_row,bed04356e8a570a2911dde917ab538bd3dd43ad84aa6d09cf900456bb3680985,3643a503e40985fdf598ff2618495db1851a40db0e74334584c2c9349315eb91
TER071,Ямало-Ненецкий автономный округ (Тюменская область),Уральский федеральный округ,OKVED_B,B,Добыча полезных ископаемых,2050,1824.7055771197768,42690.28125046291,42690.28125046291,ok,observed_history,foreign_labor_migration_v5_top_region_sectors_2050,Foreign labor migration/docs/data/region_sector_forecast.csv,2026-05-27T13:57:22+00:00,2050,"{""cumulative_recommended_quota_persons"":42690.28125046291,""foreign_labor_stock_need_persons"":42690.28125046291,""recommended_annual_quota_persons"":1824.7055771197768}","{""cumulative_recommended_quota_persons"":""persons"",""foreign_labor_stock_need_persons"":""persons"",""recommended_annual_quota_persons"":""persons""}",scripts/build_labor_migration_artifacts.py,scripts/build_labor_migration_artifacts.py,calculated_v5_region_sector_row,bed04356e8a570a2911dde917ab538bd3dd43ad84aa6d09cf900456bb3680985,1ca5830c1097e2a88496e851bc07a461eae3a5595be4813a1dc8a68b3ca74915
TER033,Город Санкт-Петербург город федерального значения,Северо-Западный федеральный округ,OKVED_Q,Q,Деятельность в области здравоохранения и социальных услуг,2050,1749.9817974032776,28628.177266886487,28628.177266886487,ok,observed_history,foreign_labor_migration_v5_top_region_sectors_2050,Foreign labor migration/docs/data/region_sector_forecast.csv,2026-05-27T13:57:22+00:00,2050,"{""cumulative_recommended_quota_persons"":28628.177266886487,""foreign_labor_stock_need_persons"":28628.177266886487,""recommended_annual_quota_persons"":1749.9817974032776}","{""cumulative_recommended_quota_persons"":""persons"",""foreign_labor_stock_need_persons"":""persons"",""recommended_annual_quota_persons"":""persons""}",scripts/build_labor_migration_artifacts.py,scripts/build_labor_migration_artifacts.py,calculated_v5_region_sector_row,bed04356e8a570a2911dde917ab538bd3dd43ad84aa6d09cf900456bb3680985,4ac9393433155baa7ef558e3a573fea9d2a6980d28d115b1450374f9badb7297
TER060,Нижегородская область,Приволжский федеральный округ,OKVED_G,G,Торговля оптовая и розничная; ремонт автотранспортных средств и мотоциклов,2050,1706.2515201150964,48474.69498778347,48474.69498778347,ok,observed_history,foreign_labor_migration_v5_top_region_sectors_2050,Foreign labor migration/docs/data/region_sector_forecast.csv,2026-05-27T13:57:22+00:00,2050,"{""cumulative_recommended_quota_persons"":48474.69498778347,""foreign_labor_stock_need_persons"":48474.69498778347,""recommended_annual_quota_persons"":1706.2515201150964}","{""cumulative_recommended_quota_persons"":""persons"",""foreign_labor_stock_need_persons"":""persons"",""recommended_annual_quota_persons"":""persons""}",scripts/build_labor_migration_artifacts.py,scripts/build_labor_migration_artifacts.py,calculated_v5_region_sector_row,bed04356e8a570a2911dde917ab538bd3dd43ad84aa6d09cf900456bb3680985,0e4b6af006a061a253fdfdb8d0b6bc39b7dda3ddc817c0363eda76da24a24545
TER033,Город Санкт-Петербург город федерального значения,Северо-Западный федеральный округ,OKVED_F,F,Строительство,2050,1654.0221083522192,37388.420578358,37388.420578358,ok,observed_history,foreign_labor_migration_v5_top_region_sectors_2050,Foreign labor migration/docs/data/region_sector_forecast.csv,2026-05-27T13:57:22+00:00,2050,"{""cumulative_recommended_quota_persons"":37388.420578358,""foreign_labor_stock_need_persons"":37388.420578358,""recommended_annual_quota_persons"":1654.0221083522192}","{""cumulative_recommended_quota_persons"":""persons"",""foreign_labor_stock_need_persons"":""persons"",""recommended_annual_quota_persons"":""persons""}",scripts/build_labor_migration_artifacts.py,scripts/build_labor_migration_artifacts.py,calculated_v5_region_sector_row,bed04356e8a570a2911dde917ab538bd3dd43ad84aa6d09cf900456bb3680985,665ccf554221594c8fd2347ac90c6ee4ccaec17bf7b1048bcebeaf45e609d1f8
TER006,Воронежская область,Центральный федеральный округ,OKVED_G,G,Торговля оптовая и розничная; ремонт автотранспортных средств и мотоциклов,2050,1607.138762945251,64470.11217462964,64470.11217462964,ok,observed_history,foreign_labor_migration_v5_top_region_sectors_2050,Foreign labor migration/docs/data/region_sector_forecast.csv,2026-05-27T13:57:22+00:00,2050,"{""cumulative_recommended_quota_persons"":64470.11217462964,""foreign_labor_stock_need_persons"":64470.11217462964,""recommended_annual_quota_persons"":1607.138762945251}","{""cumulative_recommended_quota_persons"":""persons"",""foreign_labor_stock_need_persons"":""persons"",""recommended_annual_quota_persons"":""persons""}",scripts/build_labor_migration_artifacts.py,scripts/build_labor_migration_artifacts.py,calculated_v5_region_sector_row,bed04356e8a570a2911dde917ab538bd3dd43ad84aa6d09cf900456bb3680985,695a1d4d01beab29e5563364429495614454dad705c8f46056a224f47e610649
TER033,Город Санкт-Петербург город федерального значения,Северо-Западный федеральный округ,OKVED_N,N,Деятельность административная и сопутствующие дополнительные услуги,2050,1600.1779506967578,25687.690788398933,25687.690788398933,ok,observed_history,foreign_labor_migration_v5_top_region_sectors_2050,Foreign labor migration/docs/data/region_sector_forecast.csv,2026-05-27T13:57:22+00:00,2050,"{""cumulative_recommended_quota_persons"":25687.690788398933,""foreign_labor_stock_need_persons"":25687.690788398933,""recommended_annual_quota_persons"":1600.1779506967578}","{""cumulative_recommended_quota_persons"":""persons"",""foreign_labor_stock_need_persons"":""persons"",""recommended_annual_quota_persons"":""persons""}",scripts/build_labor_migration_artifacts.py,scripts/build_labor_migration_artifacts.py,calculated_v5_region_sector_row,bed04356e8a570a2911dde917ab538bd3dd43ad84aa6d09cf900456bb3680985,3c6518c1d659099edb168ac4f5ae805447f3e3ea405e48a2bee108ba053acf58
TER063,Самарская область,Приволжский федеральный округ,OKVED_G,G,Торговля оптовая и розничная; ремонт автотранспортных средств и мотоциклов,2050,1578.7870035204978,47182.52727701268,47182.52727701268,ok,observed_history,foreign_labor_migration_v5_top_region_sectors_2050,Foreign labor migration/docs/data/region_sector_forecast.csv,2026-05-27T13:57:22+00:00,2050,"{""cumulative_recommended_quota_persons"":47182.52727701268,""foreign_labor_stock_need_persons"":47182.52727701268,""recommended_annual_quota_persons"":1578.7870035204978}","{""cumulative_recommended_quota_persons"":""persons"",""foreign_labor_stock_need_persons"":""persons"",""recommended_annual_quota_persons"":""persons""}",scripts/build_labor_migration_artifacts.py,scripts/build_labor_migration_artifacts.py,calculated_v5_region_sector_row,bed04356e8a570a2911dde917ab538bd3dd43ad84aa6d09cf900456bb3680985,5b41ea9a6b1d4e7eaac9db1e63d9c543fa4bdc172d6238453366d54be92c7ec5
TER082,Новосибирская область,Сибирский федеральный округ (с 03.11.2018),OKVED_G,G,Торговля оптовая и розничная; ремонт автотранспортных средств и мотоциклов,2050,1485.61557329449,28451.52389899348,28451.52389899348,ok,observed_history,foreign_labor_migration_v5_top_region_sectors_2050,Foreign labor migration/docs/data/region_sector_forecast.csv,2026-05-27T13:57:22+00:00,2050,"{""cumulative_recommended_quota_persons"":28451.52389899348,""foreign_labor_stock_need_persons"":28451.52389899348,""recommended_annual_quota_persons"":1485.61557329449}","{""cumulative_recommended_quota_persons"":""persons"",""foreign_labor_stock_need_persons"":""persons"",""recommended_annual_quota_persons"":""persons""}",scripts/build_labor_migration_artifacts.py,scripts/build_labor_migration_artifacts.py,calculated_v5_region_sector_row,bed04356e8a570a2911dde917ab538bd3dd43ad84aa6d09cf900456bb3680985,f24a114b6f98d53359769410b522a2948d3809729d1c61ade48b3a45e3a785a1
TER064,Саратовская область,Приволжский федеральный округ,OKVED_G,G,Торговля оптовая и розничная; ремонт автотранспортных средств и мотоциклов,2050,1398.1863082978234,64441.97540742147,64441.97540742147,ok,observed_history,foreign_labor_migration_v5_top_region_sectors_2050,Foreign labor migration/docs/data/region_sector_forecast.csv,2026-05-27T13:57:22+00:00,2050,"{""cumulative_recommended_quota_persons"":64441.97540742147,""foreign_labor_stock_need_persons"":64441.97540742147,""recommended_annual_quota_persons"":1398.1863082978234}","{""cumulative_recommended_quota_persons"":""persons"",""foreign_labor_stock_need_persons"":""persons"",""recommended_annual_quota_persons"":""persons""}",scripts/build_labor_migration_artifacts.py,scripts/build_labor_migration_artifacts.py,calculated_v5_region_sector_row,bed04356e8a570a2911dde917ab538bd3dd43ad84aa6d09cf900456bb3680985,60ec966d5e0a4bc36fe7d52601a0bf1e0ec19f8a0fb3e0d393efc67bd0dc7e88
TER068,Свердловская область,Уральский федеральный округ,OKVED_C,C,Обрабатывающие производства,2050,1387.404982602864,47959.660866136604,47959.660866136604,ok,observed_history,foreign_labor_migration_v5_top_region_sectors_2050,Foreign labor migration/docs/data/region_sector_forecast.csv,2026-05-27T13:57:22+00:00,2050,"{""cumulative_recommended_quota_persons"":47959.660866136604,""foreign_labor_stock_need_persons"":47959.660866136604,""recommended_annual_quota_persons"":1387.404982602864}","{""cumulative_recommended_quota_persons"":""persons"",""foreign_labor_stock_need_persons"":""persons"",""recommended_annual_quota_persons"":""persons""}",scripts/build_labor_migration_artifacts.py,scripts/build_labor_migration_artifacts.py,calculated_v5_region_sector_row,bed04356e8a570a2911dde917ab538bd3dd43ad84aa6d09cf900456bb3680985,cbd600b7683c8f8731888bd99bc3811cf72889309a18505e556e76b6e58dc937
TER020,Город Москва столица Российской Федерации город федерального значения,Центральный федеральный округ,OKVED_I,I,Деятельность гостиниц и предприятий общественного питания,2050,1344.6170428761106,22758.87070372008,22758.87070372008,ok,observed_history,foreign_labor_migration_v5_top_region_sectors_2050,Foreign labor migration/docs/data/region_sector_forecast.csv,2026-05-27T13:57:22+00:00,2050,"{""cumulative_recommended_quota_persons"":22758.87070372008,""foreign_labor_stock_need_persons"":22758.87070372008,""recommended_annual_quota_persons"":1344.6170428761106}","{""cumulative_recommended_quota_persons"":""persons"",""foreign_labor_stock_need_persons"":""persons"",""recommended_annual_quota_persons"":""persons""}",scripts/build_labor_migration_artifacts.py,scripts/build_labor_migration_artifacts.py,calculated_v5_region_sector_row,bed04356e8a570a2911dde917ab538bd3dd43ad84aa6d09cf900456bb3680985,8b5b7205dd693cf49b34f7c0711b6120458c1a3041408f4d87a31b74606d6e39
TER012,Московская область,Центральный федеральный округ,OKVED_N,N,Деятельность административная и сопутствующие дополнительные услуги,2050,1314.6146220528462,8303.71080703821,8303.71080703821,ok,observed_history,foreign_labor_migration_v5_top_region_sectors_2050,Foreign labor migration/docs/data/region_sector_forecast.csv,2026-05-27T13:57:22+00:00,2050,"{""cumulative_recommended_quota_persons"":8303.71080703821,""foreign_labor_stock_need_persons"":8303.71080703821,""recommended_annual_quota_persons"":1314.6146220528462}","{""cumulative_recommended_quota_persons"":""persons"",""foreign_labor_stock_need_persons"":""persons"",""recommended_annual_quota_persons"":""persons""}",scripts/build_labor_migration_artifacts.py,scripts/build_labor_migration_artifacts.py,calculated_v5_region_sector_row,bed04356e8a570a2911dde917ab538bd3dd43ad84aa6d09cf900456bb3680985,cf9156d3c259bf8d5c1b7cdfcab33c7b3af23a2e01069a446c955d21b9e61451
TER073,Челябинская область,Уральский федеральный округ,OKVED_G,G,Торговля оптовая и розничная; ремонт автотранспортных средств и мотоциклов,2050,1312.5240189083852,42465.81519437884,42465.81519437884,ok,observed_history,foreign_labor_migration_v5_top_region_sectors_2050,Foreign labor migration/docs/data/region_sector_forecast.csv,2026-05-27T13:57:22+00:00,2050,"{""cumulative_recommended_quota_persons"":42465.81519437884,""foreign_labor_stock_need_persons"":42465.81519437884,""recommended_annual_quota_persons"":1312.5240189083852}","{""cumulative_recommended_quota_persons"":""persons"",""foreign_labor_stock_need_persons"":""persons"",""recommended_annual_quota_persons"":""persons""}",scripts/build_labor_migration_artifacts.py,scripts/build_labor_migration_artifacts.py,calculated_v5_region_sector_row,bed04356e8a570a2911dde917ab538bd3dd43ad84aa6d09cf900456bb3680985,03b2c4b09b5e3744bc1aee4ea89cb8a8294556e69a5176286fd111709057a80e
TER038,Краснодарский край,Южный федеральный округ (с 29.07.2016),OKVED_H,H,Транспортировка и хранение,2050,1291.178505722928,39904.289278135664,39904.289278135664,ok,observed_history,foreign_labor_migration_v5_top_region_sectors_2050,Foreign labor migration/docs/data/region_sector_forecast.csv,2026-05-27T13:57:22+00:00,2050,"{""cumulative_recommended_quota_persons"":39904.289278135664,""foreign_labor_stock_need_persons"":39904.289278135664,""recommended_annual_quota_persons"":1291.178505722928}","{""cumulative_recommended_quota_persons"":""persons"",""foreign_labor_stock_need_persons"":""persons"",""recommended_annual_quota_persons"":""persons""}",scripts/build_labor_migration_artifacts.py,scripts/build_labor_migration_artifacts.py,calculated_v5_region_sector_row,bed04356e8a570a2911dde917ab538bd3dd43ad84aa6d09cf900456bb3680985,f63812f7e722a2e9c210921afb08d692e9e9ca97917a4791226954c1dcef9193
TER023,Республика Коми,Северо-Западный федеральный округ,OKVED_B,B,Добыча полезных ископаемых,2050,1273.1667970625058,34138.17653331297,34138.17653331297,ok,observed_history,foreign_labor_migration_v5_top_region_sectors_2050,Foreign labor migration/docs/data/region_sector_forecast.csv,2026-05-27T13:57:22+00:00,2050,"{""cumulative_recommended_quota_persons"":34138.17653331297,""foreign_labor_stock_need_persons"":34138.17653331297,""recommended_annual_quota_persons"":1273.1667970625058}","{""cumulative_recommended_quota_persons"":""persons"",""foreign_labor_stock_need_persons"":""persons"",""recommended_annual_quota_persons"":""persons""}",scripts/build_labor_migration_artifacts.py,scripts/build_labor_migration_artifacts.py,calculated_v5_region_sector_row,bed04356e8a570a2911dde917ab538bd3dd43ad84aa6d09cf900456bb3680985,94bef967c1ac695f5103cf61c705d5824fe48b05c5923be76f3ad6dce24c8627
TER023,Республика Коми,Северо-Западный федеральный округ,OKVED_Q,Q,Деятельность в области здравоохранения и социальных услуг,2050,1268.7657052375798,41316.508143777566,41316.508143777566,ok,observed_history,foreign_labor_migration_v5_top_region_sectors_2050,Foreign labor migration/docs/data/region_sector_forecast.csv,2026-05-27T13:57:22+00:00,2050,"{""cumulative_recommended_quota_persons"":41316.508143777566,""foreign_labor_stock_need_persons"":41316.508143777566,""recommended_annual_quota_persons"":1268.7657052375798}","{""cumulative_recommended_quota_persons"":""persons"",""foreign_labor_stock_need_persons"":""persons"",""recommended_annual_quota_persons"":""persons""}",scripts/build_labor_migration_artifacts.py,scripts/build_labor_migration_artifacts.py,calculated_v5_region_sector_row,bed04356e8a570a2911dde917ab538bd3dd43ad84aa6d09cf900456bb3680985,ef5c3aff5080b397e4edf3ee6d39ebe1100b62e58e4b31d9eaae55f8eee55264
TER038,Краснодарский край,Южный федеральный округ (с 29.07.2016),OKVED_Q,Q,Деятельность в области здравоохранения и социальных услуг,2050,1265.4302399605804,32206.53606381564,32206.53606381564,ok,observed_history,foreign_labor_migration_v5_top_region_sectors_2050,Foreign labor migration/docs/data/region_sector_forecast.csv,2026-05-27T13:57:22+00:00,2050,"{""cumulative_recommended_quota_persons"":32206.53606381564,""foreign_labor_stock_need_persons"":32206.53606381564,""recommended_annual_quota_persons"":1265.4302399605804}","{""cumulative_recommended_quota_persons"":""persons"",""foreign_labor_stock_need_persons"":""persons"",""recommended_annual_quota_persons"":""persons""}",scripts/build_labor_migration_artifacts.py,scripts/build_labor_migration_artifacts.py,calculated_v5_region_sector_row,bed04356e8a570a2911dde917ab538bd3dd43ad84aa6d09cf900456bb3680985,bd316496dea4fdc516331bff0f785bcee81314571b97a4ad92dc0d104e3ae5c3
TER040,Волгоградская область,Южный федеральный округ (с 29.07.2016),OKVED_G,G,Торговля оптовая и розничная; ремонт автотранспортных средств и мотоциклов,2050,1261.2254566357003,52884.77760092431,52884.77760092431,ok,observed_history,foreign_labor_migration_v5_top_region_sectors_2050,Foreign labor migration/docs/data/region_sector_forecast.csv,2026-05-27T13:57:22+00:00,2050,"{""cumulative_recommended_quota_persons"":52884.77760092431,""foreign_labor_stock_need_persons"":52884.77760092431,""recommended_annual_quota_persons"":1261.2254566357003}","{""cumulative_recommended_quota_persons"":""persons"",""foreign_labor_stock_need_persons"":""persons"",""recommended_annual_quota_persons"":""persons""}",scripts/build_labor_migration_artifacts.py,scripts/build_labor_migration_artifacts.py,calculated_v5_region_sector_row,bed04356e8a570a2911dde917ab538bd3dd43ad84aa6d09cf900456bb3680985,cbbd70c026a8b4ca1c0ecd5b7806c1fbe2b001f4463fd4bbe32d0a1ef3cd3242
TER020,Город Москва столица Российской Федерации город федерального значения,Центральный федеральный округ,OKVED_R,R,"Деятельность в области культуры, спорта, организации досуга и развлечений",2050,1258.1747165651468,19916.97465183764,19916.97465183764,ok,observed_history,foreign_labor_migration_v5_top_region_sectors_2050,Foreign labor migration/docs/data/region_sector_forecast.csv,2026-05-27T13:57:22+00:00,2050,"{""cumulative_recommended_quota_persons"":19916.97465183764,""foreign_labor_stock_need_persons"":19916.97465183764,""recommended_annual_quota_persons"":1258.1747165651468}","{""cumulative_recommended_quota_persons"":""persons"",""foreign_labor_stock_need_persons"":""persons"",""recommended_annual_quota_persons"":""persons""}",scripts/build_labor_migration_artifacts.py,scripts/build_labor_migration_artifacts.py,calculated_v5_region_sector_row,bed04356e8a570a2911dde917ab538bd3dd43ad84aa6d09cf900456bb3680985,e2147403cf8b209fdc4c8567d4ea8e5935e4befad0ed9469bd9043aa611a4106
TER029,Ленинградская область,Северо-Западный федеральный округ,OKVED_G,G,Торговля оптовая и розничная; ремонт автотранспортных средств и мотоциклов,2050,1248.905221366891,17221.97097144126,17221.97097144126,ok,observed_history,foreign_labor_migration_v5_top_region_sectors_2050,Foreign labor migration/docs/data/region_sector_forecast.csv,2026-05-27T13:57:22+00:00,2050,"{""cumulative_recommended_quota_persons"":17221.97097144126,""foreign_labor_stock_need_persons"":17221.97097144126,""recommended_annual_quota_persons"":1248.905221366891}","{""cumulative_recommended_quota_persons"":""persons"",""foreign_labor_stock_need_persons"":""persons"",""recommended_annual_quota_persons"":""persons""}",scripts/build_labor_migration_artifacts.py,scripts/build_labor_migration_artifacts.py,calculated_v5_region_sector_row,bed04356e8a570a2911dde917ab538bd3dd43ad84aa6d09cf900456bb3680985,5456493fb5ac73a12fbba492c155ab8adcfc36c3baf8d5eba89870bd3ad5b082
TER090,Приморский край,Дальневосточный федеральный округ (с 03.11.2018),OKVED_G,G,Торговля оптовая и розничная; ремонт автотранспортных средств и мотоциклов,2050,1248.6733362778905,48838.08682043874,48838.08682043874,ok,observed_history,foreign_labor_migration_v5_top_region_sectors_2050,Foreign labor migration/docs/data/region_sector_forecast.csv,2026-05-27T13:57:22+00:00,2050,"{""cumulative_recommended_quota_persons"":48838.08682043874,""foreign_labor_stock_need_persons"":48838.08682043874,""recommended_annual_quota_persons"":1248.6733362778905}","{""cumulative_recommended_quota_persons"":""persons"",""foreign_labor_stock_need_persons"":""persons"",""recommended_annual_quota_persons"":""persons""}",scripts/build_labor_migration_artifacts.py,scripts/build_labor_migration_artifacts.py,calculated_v5_region_sector_row,bed04356e8a570a2911dde917ab538bd3dd43ad84aa6d09cf900456bb3680985,d9c19a2eeb276f0be08a0c7308369a1198c1cad3f988befdadaec577c8667e66
TER023,Республика Коми,Северо-Западный федеральный округ,OKVED_P,P,Образование,2050,1236.9302922941206,45023.95712356546,45023.95712356546,ok,observed_history,foreign_labor_migration_v5_top_region_sectors_2050,Foreign labor migration/docs/data/region_sector_forecast.csv,2026-05-27T13:57:22+00:00,2050,"{""cumulative_recommended_quota_persons"":45023.95712356546,""foreign_labor_stock_need_persons"":45023.95712356546,""recommended_annual_quota_persons"":1236.9302922941206}","{""cumulative_recommended_quota_persons"":""persons"",""foreign_labor_stock_need_persons"":""persons"",""recommended_annual_quota_persons"":""persons""}",scripts/build_labor_migration_artifacts.py,scripts/build_labor_migration_artifacts.py,calculated_v5_region_sector_row,bed04356e8a570a2911dde917ab538bd3dd43ad84aa6d09cf900456bb3680985,88b9360e2ecb16561988283b9cbba3682501b2b735d98b9c8c2deac5214050b0
