territory_id,territory_name,federal_district_name,recommended_annual_quota_persons,foreign_labor_stock_need_persons,cumulative_recommended_quota_persons,forecast_year,source_key,source_url_or_file,retrieved_at,source_period,raw_value,unit,transform_script,transformation_script,observation_status,sha256_or_etag,source_row_sha256
TER020,Город Москва столица Российской Федерации город федерального значения,Центральный федеральный округ,51229.26290052795,912907.7225107242,912907.7225107242,2050,foreign_labor_migration_v5_top_regions_2050,Foreign labor migration/docs/data/region_sector_forecast.csv,2026-05-27T13:57:22+00:00,2050,"{""cumulative_recommended_quota_persons"":912907.7225107242,""foreign_labor_stock_need_persons"":912907.7225107242,""recommended_annual_quota_persons"":51229.26290052795}","{""cumulative_recommended_quota_persons"":""persons"",""foreign_labor_stock_need_persons"":""persons"",""recommended_annual_quota_persons"":""persons""}",scripts/build_labor_migration_artifacts.py,scripts/build_labor_migration_artifacts.py,calculated_v5_region_sum,bed04356e8a570a2911dde917ab538bd3dd43ad84aa6d09cf900456bb3680985,1e5d39ed3bdfcf1e168d647d24a7531c5feb020d96f2aca95130e267d35b0741
TER012,Московская область,Центральный федеральный округ,26332.10676674082,197713.72158125497,197713.72158125497,2050,foreign_labor_migration_v5_top_regions_2050,Foreign labor migration/docs/data/region_sector_forecast.csv,2026-05-27T13:57:22+00:00,2050,"{""cumulative_recommended_quota_persons"":197713.72158125497,""foreign_labor_stock_need_persons"":197713.72158125497,""recommended_annual_quota_persons"":26332.10676674082}","{""cumulative_recommended_quota_persons"":""persons"",""foreign_labor_stock_need_persons"":""persons"",""recommended_annual_quota_persons"":""persons""}",scripts/build_labor_migration_artifacts.py,scripts/build_labor_migration_artifacts.py,calculated_v5_region_sum,bed04356e8a570a2911dde917ab538bd3dd43ad84aa6d09cf900456bb3680985,bcce1eeafef2feb7bc3ffb05108cf813dee18c41b1fea69e3a25aba88b158e5d
TER033,Город Санкт-Петербург город федерального значения,Северо-Западный федеральный округ,22094.155902762013,419887.24499031575,419887.24499031575,2050,foreign_labor_migration_v5_top_regions_2050,Foreign labor migration/docs/data/region_sector_forecast.csv,2026-05-27T13:57:22+00:00,2050,"{""cumulative_recommended_quota_persons"":419887.24499031575,""foreign_labor_stock_need_persons"":419887.24499031575,""recommended_annual_quota_persons"":22094.155902762013}","{""cumulative_recommended_quota_persons"":""persons"",""foreign_labor_stock_need_persons"":""persons"",""recommended_annual_quota_persons"":""persons""}",scripts/build_labor_migration_artifacts.py,scripts/build_labor_migration_artifacts.py,calculated_v5_region_sum,bed04356e8a570a2911dde917ab538bd3dd43ad84aa6d09cf900456bb3680985,8dc06d39a1b3e89e0002c85624270363e5701768249beb0fab28070d8e26d952
TER038,Краснодарский край,Южный федеральный округ (с 29.07.2016),12355.854026767585,392545.3946692015,392545.3946692015,2050,foreign_labor_migration_v5_top_regions_2050,Foreign labor migration/docs/data/region_sector_forecast.csv,2026-05-27T13:57:22+00:00,2050,"{""cumulative_recommended_quota_persons"":392545.3946692015,""foreign_labor_stock_need_persons"":392545.3946692015,""recommended_annual_quota_persons"":12355.854026767585}","{""cumulative_recommended_quota_persons"":""persons"",""foreign_labor_stock_need_persons"":""persons"",""recommended_annual_quota_persons"":""persons""}",scripts/build_labor_migration_artifacts.py,scripts/build_labor_migration_artifacts.py,calculated_v5_region_sum,bed04356e8a570a2911dde917ab538bd3dd43ad84aa6d09cf900456bb3680985,e18ba092b8b66403f359bcff50ecd2ab9514219dd6001750d944806de56ec8ba
TER068,Свердловская область,Уральский федеральный округ,11814.641967018368,279589.6712509032,279589.6712509032,2050,foreign_labor_migration_v5_top_regions_2050,Foreign labor migration/docs/data/region_sector_forecast.csv,2026-05-27T13:57:22+00:00,2050,"{""cumulative_recommended_quota_persons"":279589.6712509032,""foreign_labor_stock_need_persons"":279589.6712509032,""recommended_annual_quota_persons"":11814.641967018368}","{""cumulative_recommended_quota_persons"":""persons"",""foreign_labor_stock_need_persons"":""persons"",""recommended_annual_quota_persons"":""persons""}",scripts/build_labor_migration_artifacts.py,scripts/build_labor_migration_artifacts.py,calculated_v5_region_sum,bed04356e8a570a2911dde917ab538bd3dd43ad84aa6d09cf900456bb3680985,a036d08ec225e9932b10b390dead5a9f1bb0d84d4f3d74622491159661956abb
TER070,Ханты-Мансийский автономный округ - Югра (Тюменская область),Уральский федеральный округ,11188.290817479436,254679.75645238798,254679.75645238798,2050,foreign_labor_migration_v5_top_regions_2050,Foreign labor migration/docs/data/region_sector_forecast.csv,2026-05-27T13:57:22+00:00,2050,"{""cumulative_recommended_quota_persons"":254679.75645238798,""foreign_labor_stock_need_persons"":254679.75645238798,""recommended_annual_quota_persons"":11188.290817479436}","{""cumulative_recommended_quota_persons"":""persons"",""foreign_labor_stock_need_persons"":""persons"",""recommended_annual_quota_persons"":""persons""}",scripts/build_labor_migration_artifacts.py,scripts/build_labor_migration_artifacts.py,calculated_v5_region_sum,bed04356e8a570a2911dde917ab538bd3dd43ad84aa6d09cf900456bb3680985,f821cf93912b7bd623be29e1fc19a15e4bb53ebfa135f85705a71b5d941f6ea3
TER023,Республика Коми,Северо-Западный федеральный округ,9973.979263821157,393304.4175036451,393304.4175036451,2050,foreign_labor_migration_v5_top_regions_2050,Foreign labor migration/docs/data/region_sector_forecast.csv,2026-05-27T13:57:22+00:00,2050,"{""cumulative_recommended_quota_persons"":393304.4175036451,""foreign_labor_stock_need_persons"":393304.4175036451,""recommended_annual_quota_persons"":9973.979263821157}","{""cumulative_recommended_quota_persons"":""persons"",""foreign_labor_stock_need_persons"":""persons"",""recommended_annual_quota_persons"":""persons""}",scripts/build_labor_migration_artifacts.py,scripts/build_labor_migration_artifacts.py,calculated_v5_region_sum,bed04356e8a570a2911dde917ab538bd3dd43ad84aa6d09cf900456bb3680985,17658243ee609c9bb17f7cf290ae007f4165d725cdc968741f311219b0a7f318
TER063,Самарская область,Приволжский федеральный округ,9354.73191820761,258226.10609686343,258226.10609686343,2050,foreign_labor_migration_v5_top_regions_2050,Foreign labor migration/docs/data/region_sector_forecast.csv,2026-05-27T13:57:22+00:00,2050,"{""cumulative_recommended_quota_persons"":258226.10609686343,""foreign_labor_stock_need_persons"":258226.10609686343,""recommended_annual_quota_persons"":9354.73191820761}","{""cumulative_recommended_quota_persons"":""persons"",""foreign_labor_stock_need_persons"":""persons"",""recommended_annual_quota_persons"":""persons""}",scripts/build_labor_migration_artifacts.py,scripts/build_labor_migration_artifacts.py,calculated_v5_region_sum,bed04356e8a570a2911dde917ab538bd3dd43ad84aa6d09cf900456bb3680985,db17d0e46fc0cd9c07a515dc0371a838504ac8ce4d69a934094f8cc5bbdd7f64
TER081,Кемеровская область - Кузбасс,Сибирский федеральный округ (с 03.11.2018),8385.29756330985,779654.8816681822,780225.6102009958,2050,foreign_labor_migration_v5_top_regions_2050,Foreign labor migration/docs/data/region_sector_forecast.csv,2026-05-27T13:57:22+00:00,2050,"{""cumulative_recommended_quota_persons"":780225.6102009958,""foreign_labor_stock_need_persons"":779654.8816681822,""recommended_annual_quota_persons"":8385.29756330985}","{""cumulative_recommended_quota_persons"":""persons"",""foreign_labor_stock_need_persons"":""persons"",""recommended_annual_quota_persons"":""persons""}",scripts/build_labor_migration_artifacts.py,scripts/build_labor_migration_artifacts.py,calculated_v5_region_sum,bed04356e8a570a2911dde917ab538bd3dd43ad84aa6d09cf900456bb3680985,47febb029eac62f66f33823ec31e25afb9fb427f0151d897b711d2eb8100397d
TER060,Нижегородская область,Приволжский федеральный округ,8293.015510256635,227856.32954463083,227856.32954463083,2050,foreign_labor_migration_v5_top_regions_2050,Foreign labor migration/docs/data/region_sector_forecast.csv,2026-05-27T13:57:22+00:00,2050,"{""cumulative_recommended_quota_persons"":227856.32954463083,""foreign_labor_stock_need_persons"":227856.32954463083,""recommended_annual_quota_persons"":8293.015510256635}","{""cumulative_recommended_quota_persons"":""persons"",""foreign_labor_stock_need_persons"":""persons"",""recommended_annual_quota_persons"":""persons""}",scripts/build_labor_migration_artifacts.py,scripts/build_labor_migration_artifacts.py,calculated_v5_region_sum,bed04356e8a570a2911dde917ab538bd3dd43ad84aa6d09cf900456bb3680985,7d7087840857aa9b68312cfe0bba1c9c6b006685ba3e779cc1b358fb09ea652e
TER041,Ростовская область,Южный федеральный округ (с 29.07.2016),7967.457409516435,435391.17462990293,435391.17462990293,2050,foreign_labor_migration_v5_top_regions_2050,Foreign labor migration/docs/data/region_sector_forecast.csv,2026-05-27T13:57:22+00:00,2050,"{""cumulative_recommended_quota_persons"":435391.17462990293,""foreign_labor_stock_need_persons"":435391.17462990293,""recommended_annual_quota_persons"":7967.457409516435}","{""cumulative_recommended_quota_persons"":""persons"",""foreign_labor_stock_need_persons"":""persons"",""recommended_annual_quota_persons"":""persons""}",scripts/build_labor_migration_artifacts.py,scripts/build_labor_migration_artifacts.py,calculated_v5_region_sum,bed04356e8a570a2911dde917ab538bd3dd43ad84aa6d09cf900456bb3680985,11a3e2d483218c2226ffc1c733baff3b5f45360bc1c549bff56790d0faee17c9
TER006,Воронежская область,Центральный федеральный округ,7705.083213398891,290119.42502347083,290119.42502347083,2050,foreign_labor_migration_v5_top_regions_2050,Foreign labor migration/docs/data/region_sector_forecast.csv,2026-05-27T13:57:22+00:00,2050,"{""cumulative_recommended_quota_persons"":290119.42502347083,""foreign_labor_stock_need_persons"":290119.42502347083,""recommended_annual_quota_persons"":7705.083213398891}","{""cumulative_recommended_quota_persons"":""persons"",""foreign_labor_stock_need_persons"":""persons"",""recommended_annual_quota_persons"":""persons""}",scripts/build_labor_migration_artifacts.py,scripts/build_labor_migration_artifacts.py,calculated_v5_region_sum,bed04356e8a570a2911dde917ab538bd3dd43ad84aa6d09cf900456bb3680985,65963b730626601e5e99cf1c49ce5eba44c9b03464b60a806fc741abbebc7203
TER082,Новосибирская область,Сибирский федеральный округ (с 03.11.2018),7596.945495786858,122036.3628617185,122036.3628617185,2050,foreign_labor_migration_v5_top_regions_2050,Foreign labor migration/docs/data/region_sector_forecast.csv,2026-05-27T13:57:22+00:00,2050,"{""cumulative_recommended_quota_persons"":122036.3628617185,""foreign_labor_stock_need_persons"":122036.3628617185,""recommended_annual_quota_persons"":7596.945495786858}","{""cumulative_recommended_quota_persons"":""persons"",""foreign_labor_stock_need_persons"":""persons"",""recommended_annual_quota_persons"":""persons""}",scripts/build_labor_migration_artifacts.py,scripts/build_labor_migration_artifacts.py,calculated_v5_region_sum,bed04356e8a570a2911dde917ab538bd3dd43ad84aa6d09cf900456bb3680985,eeeeaa452b900b14ab18a52145b14d5d41623b967c5548215902e211188abe1f
TER079,Красноярский край,Сибирский федеральный округ (с 03.11.2018),7437.591156625293,232631.63704778434,232631.63704778434,2050,foreign_labor_migration_v5_top_regions_2050,Foreign labor migration/docs/data/region_sector_forecast.csv,2026-05-27T13:57:22+00:00,2050,"{""cumulative_recommended_quota_persons"":232631.63704778434,""foreign_labor_stock_need_persons"":232631.63704778434,""recommended_annual_quota_persons"":7437.591156625293}","{""cumulative_recommended_quota_persons"":""persons"",""foreign_labor_stock_need_persons"":""persons"",""recommended_annual_quota_persons"":""persons""}",scripts/build_labor_migration_artifacts.py,scripts/build_labor_migration_artifacts.py,calculated_v5_region_sum,bed04356e8a570a2911dde917ab538bd3dd43ad84aa6d09cf900456bb3680985,41444707beb080346b05716c76824d76a457abe7565c5e8c93acb378b7064b02
TER073,Челябинская область,Уральский федеральный округ,7283.942049408934,217329.08883768925,217329.08883768925,2050,foreign_labor_migration_v5_top_regions_2050,Foreign labor migration/docs/data/region_sector_forecast.csv,2026-05-27T13:57:22+00:00,2050,"{""cumulative_recommended_quota_persons"":217329.08883768925,""foreign_labor_stock_need_persons"":217329.08883768925,""recommended_annual_quota_persons"":7283.942049408934}","{""cumulative_recommended_quota_persons"":""persons"",""foreign_labor_stock_need_persons"":""persons"",""recommended_annual_quota_persons"":""persons""}",scripts/build_labor_migration_artifacts.py,scripts/build_labor_migration_artifacts.py,calculated_v5_region_sum,bed04356e8a570a2911dde917ab538bd3dd43ad84aa6d09cf900456bb3680985,8c2152b26337b04a205c0bf19d409157595a3c503f4585d4205c0b69bc4b961a
TER064,Саратовская область,Приволжский федеральный округ,7113.28851611077,304268.1459881844,304268.1459881844,2050,foreign_labor_migration_v5_top_regions_2050,Foreign labor migration/docs/data/region_sector_forecast.csv,2026-05-27T13:57:22+00:00,2050,"{""cumulative_recommended_quota_persons"":304268.1459881844,""foreign_labor_stock_need_persons"":304268.1459881844,""recommended_annual_quota_persons"":7113.28851611077}","{""cumulative_recommended_quota_persons"":""persons"",""foreign_labor_stock_need_persons"":""persons"",""recommended_annual_quota_persons"":""persons""}",scripts/build_labor_migration_artifacts.py,scripts/build_labor_migration_artifacts.py,calculated_v5_region_sum,bed04356e8a570a2911dde917ab538bd3dd43ad84aa6d09cf900456bb3680985,0ac14879a5701315be5e3076131865a550a83644571ddd35ee6c291484eb4cb9
TER029,Ленинградская область,Северо-Западный федеральный округ,6710.456728089639,79377.00175293896,79377.00175293896,2050,foreign_labor_migration_v5_top_regions_2050,Foreign labor migration/docs/data/region_sector_forecast.csv,2026-05-27T13:57:22+00:00,2050,"{""cumulative_recommended_quota_persons"":79377.00175293896,""foreign_labor_stock_need_persons"":79377.00175293896,""recommended_annual_quota_persons"":6710.456728089639}","{""cumulative_recommended_quota_persons"":""persons"",""foreign_labor_stock_need_persons"":""persons"",""recommended_annual_quota_persons"":""persons""}",scripts/build_labor_migration_artifacts.py,scripts/build_labor_migration_artifacts.py,calculated_v5_region_sum,bed04356e8a570a2911dde917ab538bd3dd43ad84aa6d09cf900456bb3680985,67b3788e9f1810abf6e2ffed81fdc56ced033bc9bb9f2dd37408bafa3b6c8076
TER055,Республика Татарстан (Татарстан),Приволжский федеральный округ,6669.266035780083,185581.11122910643,185581.11122910643,2050,foreign_labor_migration_v5_top_regions_2050,Foreign labor migration/docs/data/region_sector_forecast.csv,2026-05-27T13:57:22+00:00,2050,"{""cumulative_recommended_quota_persons"":185581.11122910643,""foreign_labor_stock_need_persons"":185581.11122910643,""recommended_annual_quota_persons"":6669.266035780083}","{""cumulative_recommended_quota_persons"":""persons"",""foreign_labor_stock_need_persons"":""persons"",""recommended_annual_quota_persons"":""persons""}",scripts/build_labor_migration_artifacts.py,scripts/build_labor_migration_artifacts.py,calculated_v5_region_sum,bed04356e8a570a2911dde917ab538bd3dd43ad84aa6d09cf900456bb3680985,13e57c2db6ee262967366aad39c0d4807f8cfe9fc9b00c8fe2bc822e1cd46f69
TER040,Волгоградская область,Южный федеральный округ (с 29.07.2016),6497.961588078667,253056.89257566826,253056.89257566826,2050,foreign_labor_migration_v5_top_regions_2050,Foreign labor migration/docs/data/region_sector_forecast.csv,2026-05-27T13:57:22+00:00,2050,"{""cumulative_recommended_quota_persons"":253056.89257566826,""foreign_labor_stock_need_persons"":253056.89257566826,""recommended_annual_quota_persons"":6497.961588078667}","{""cumulative_recommended_quota_persons"":""persons"",""foreign_labor_stock_need_persons"":""persons"",""recommended_annual_quota_persons"":""persons""}",scripts/build_labor_migration_artifacts.py,scripts/build_labor_migration_artifacts.py,calculated_v5_region_sum,bed04356e8a570a2911dde917ab538bd3dd43ad84aa6d09cf900456bb3680985,cc1368976356d638f89efdba15afcbac2b3f5ef47205a2da7e4aa293b48fb032
TER090,Приморский край,Дальневосточный федеральный округ (с 03.11.2018),6012.026865737393,212721.42545517033,212721.42545517033,2050,foreign_labor_migration_v5_top_regions_2050,Foreign labor migration/docs/data/region_sector_forecast.csv,2026-05-27T13:57:22+00:00,2050,"{""cumulative_recommended_quota_persons"":212721.42545517033,""foreign_labor_stock_need_persons"":212721.42545517033,""recommended_annual_quota_persons"":6012.026865737393}","{""cumulative_recommended_quota_persons"":""persons"",""foreign_labor_stock_need_persons"":""persons"",""recommended_annual_quota_persons"":""persons""}",scripts/build_labor_migration_artifacts.py,scripts/build_labor_migration_artifacts.py,calculated_v5_region_sum,bed04356e8a570a2911dde917ab538bd3dd43ad84aa6d09cf900456bb3680985,81b6c05660088a7980897e1c7dba42bcf774c1d3b9b32781e791d05369391495
