model_id,term,estimate,std_error_cluster_origin,z_value,p_value,conf_low,conf_high,transform,coefficient_scale,covariance
ppml_russia_inbound_structural_allocation_v3,const,3.4614526521615243,0.6571615356068005,5.267278233144515,1.384612712055853e-07,2.173439710347159,4.74946559397589,intercept,one training-sample standard deviation for continuous variables,origin-clustered sandwich
ppml_russia_inbound_structural_allocation_v3,ln_student_pool,2.189933982744674,0.37616509436335716,5.821736294939967,5.8239390662895604e-09,1.4526639455513832,2.9272040199379648,ln(UN WPP student_pool),one training-sample standard deviation for continuous variables,origin-clustered sandwich
ppml_russia_inbound_structural_allocation_v3,ln_distance,-0.19621613110032285,0.4915499003010833,-0.39917845773162985,0.6897617151179118,-1.1596362322947005,0.7672039700940547,"ln(great-circle distance to Moscow, km)",one training-sample standard deviation for continuous variables,origin-clustered sandwich
ppml_russia_inbound_structural_allocation_v3,ln_outbound,0.8111611990932753,0.229801131020476,3.5298398902179393,0.0004158112206012051,0.36075925868657216,1.2615631394999784,ln(1 + UNESCO UIS outbound mobility ratio),one training-sample standard deviation for continuous variables,origin-clustered sandwich
ppml_russia_inbound_structural_allocation_v3,ln_outbound_missing,-1.4719115297109573,0.5707592771160953,-2.578865712263426,0.009912531259426274,-2.5905791567006204,-0.35324390272129413,fixed effect or missingness indicator,one training-sample standard deviation for continuous variables,origin-clustered sandwich
ppml_russia_inbound_structural_allocation_v3,tertiary_share,0.20552617624800493,0.287352485404942,0.7152406423712464,0.4744603594647414,-0.3576743460137529,0.7687266985097628,UNESCO/World Bank tertiary gross enrolment percent / 100,one training-sample standard deviation for continuous variables,origin-clustered sandwich
ppml_russia_inbound_structural_allocation_v3,tertiary_share_missing,1.5352127009963454,0.6159499055348859,2.492431100647997,0.012687194289377916,0.3279730698671206,2.7424523321255703,fixed effect or missingness indicator,one training-sample standard deviation for continuous variables,origin-clustered sandwich
ppml_russia_inbound_structural_allocation_v3,unga_alignment,0.9311652957269587,0.25509970773994217,3.6502013427479976,0.0002620348275144429,0.4311790560899784,1.431151535363939,"recency- and controversy-weighted UNGA vote agreement with Russia, 5-year trailing window",one training-sample standard deviation for continuous variables,origin-clustered sandwich
ppml_russia_inbound_structural_allocation_v3,unga_alignment_missing,-0.020409275899455046,0.5608728041311648,-0.03638842131251236,0.9709726465204402,-1.119699771904526,1.0788812201056162,fixed effect or missingness indicator,one training-sample standard deviation for continuous variables,origin-clustered sandwich
ppml_russia_inbound_structural_allocation_v3,region_Europe & Central Asia,2.645697705574786,1.0436581487981749,2.5350232819256386,0.011243985280387005,0.6001653217586185,4.691230089390953,fixed effect or missingness indicator,one training-sample standard deviation for continuous variables,origin-clustered sandwich
ppml_russia_inbound_structural_allocation_v3,region_Latin America & Caribbean,-0.5510014715041713,0.6108417269364412,-0.9020363986389942,0.36703753264425953,-1.7482292565538464,0.6462263135455037,fixed effect or missingness indicator,one training-sample standard deviation for continuous variables,origin-clustered sandwich
ppml_russia_inbound_structural_allocation_v3,region_Middle East & North Africa,0.458131294764091,0.8004218091576921,0.5723623338626871,0.567076528138778,-1.110666623625378,2.0269292131535597,fixed effect or missingness indicator,one training-sample standard deviation for continuous variables,origin-clustered sandwich
ppml_russia_inbound_structural_allocation_v3,region_North America,-0.20047175986825946,0.9484542594950971,-0.2113668190756813,0.8326010463677842,-2.059407949462256,1.6584644297257374,fixed effect or missingness indicator,one training-sample standard deviation for continuous variables,origin-clustered sandwich
ppml_russia_inbound_structural_allocation_v3,region_South Asia,-0.15762705279411682,0.5189424808864257,-0.30374667443850034,0.7613208958698043,-1.1747356253793766,0.859481519791143,fixed effect or missingness indicator,one training-sample standard deviation for continuous variables,origin-clustered sandwich
ppml_russia_inbound_structural_allocation_v3,region_Sub-Saharan Africa,-0.7002433721335835,0.5880525772961932,-1.1907836121614028,0.233738543928241,-1.8528052446500785,0.45231850038291155,fixed effect or missingness indicator,one training-sample standard deviation for continuous variables,origin-clustered sandwich
ppml_russia_inbound_structural_allocation_v3,region_Unknown,-3.0735226532068967,1.6361463378769014,-1.8785132980190302,0.06031097962013755,-6.280310548882726,0.13326524246893268,fixed effect or missingness indicator,one training-sample standard deviation for continuous variables,origin-clustered sandwich
ppml_russia_inbound_structural_allocation_v3,year_2014,0.30479922992297204,0.1786663220456843,1.7059691296775898,0.08801382736384873,-0.04538032653680385,0.6549787863827479,fixed effect or missingness indicator,one training-sample standard deviation for continuous variables,origin-clustered sandwich
ppml_russia_inbound_structural_allocation_v3,year_2016,0.6752191398000037,0.26877699469708216,2.5121909728955454,0.011998413896328363,0.14842591032080954,1.2020123692791977,fixed effect or missingness indicator,one training-sample standard deviation for continuous variables,origin-clustered sandwich
ppml_russia_inbound_structural_allocation_v3,year_2017,0.7153676980678686,0.3241388315330014,2.206979320202292,0.027315504132616762,0.08006726227228989,1.3506681338634472,fixed effect or missingness indicator,one training-sample standard deviation for continuous variables,origin-clustered sandwich
ppml_russia_inbound_structural_allocation_v3,year_2018,0.9199074989439261,0.3196682978209995,2.877693863340289,0.004005936841628466,0.2933691482155433,1.5464458496723088,fixed effect or missingness indicator,one training-sample standard deviation for continuous variables,origin-clustered sandwich
ppml_russia_inbound_structural_allocation_v3,year_2019,0.9289506944755717,0.3211229633170536,2.8928192642467394,0.003818009287741398,0.29956125176536974,1.5583401371857737,fixed effect or missingness indicator,one training-sample standard deviation for continuous variables,origin-clustered sandwich
ppml_russia_inbound_structural_allocation_v3,year_2020,1.0909215302026902,0.34160260526958464,3.193539842419413,0.0014053994238590274,0.4213927268492519,1.7604503335561286,fixed effect or missingness indicator,one training-sample standard deviation for continuous variables,origin-clustered sandwich
ppml_russia_inbound_structural_allocation_v3,year_2021,1.0371692463663036,0.35050453015847466,2.959075153457689,0.0030856384059183913,0.35019299083756006,1.7241455018950471,fixed effect or missingness indicator,one training-sample standard deviation for continuous variables,origin-clustered sandwich
ppml_russia_inbound_structural_allocation_v3,year_2022,1.1548535231366326,0.36430972627574,3.1699771920515323,0.0015245090367066033,0.44081958041853686,1.8688874658547283,fixed effect or missingness indicator,one training-sample standard deviation for continuous variables,origin-clustered sandwich
ppml_russia_inbound_structural_allocation_v3,year_2023,1.1807661068852626,0.3971202871863202,2.9733210439870397,0.002945961384340073,0.40242464646987197,1.9591075673006533,fixed effect or missingness indicator,one training-sample standard deviation for continuous variables,origin-clustered sandwich
